OBJECTID,Join_Count,TARGET_FID,PARCELID,SITEADDRES,OWNERNME1,AGENCY,TOT_APPR,LOWPARCELID,BUILDING,UNIT,STATEDAREA,LGLSTARTDT,CVTTXCD,CVTTXDSCRP,SCHLTXCD,SCHLDSCRP,USECD,USEDSCRP,NGHBRHDCD,CLASSDSCRP,CLASSCD,LIVUNITS,SITEADDRESS,SITECITY,SITESTATE,SITEZIP,PRPRTYDSCRP,CNVYNAME,OWNERNME2,PSTLADDRESS,PSTLADDRESS2,PSTLCITY,PSTLSTATE,PSTLZIP5,PSTLZIP4,FLOORCOUNT,BLDGAREA,RESFLRAREA,RESYRBLT,RESSTRTYP,STRCLASS,CLASSMOD,LNDVALUE,IMPR_APPR,LANDASSESS,IMPRASSESS,LANDAPPR,PRVASSDVAL,CNTASSDVAL,ASSDVALYRCG,ASSDPCNTCG,PRVTXBLVAL,CNTTXBLVAL,TXBLVALYRCHG,TXBLPCNTCHG,PRVWNTTXOD,PRVSMRTXOD,TOTPRVTXTOD,CNTWNTTXOD,CNTSMRTXOD,TOTCNTTXOD,TXODYRCHG,TXODPCNTCHG,WATERSERV,SEWERSERV,LASTUPDATE,EXT_MIN_X,EXT_MIN_Y,EXT_MAX_X,EXT_MAX_Y,CREATED_USER,CREATED_DATE,LAST_EDITED_USER,LAST_EDITED_DATE,ORDNAME,ORDLINK,ORDSTATUS,LOWPARCELI,SUBAGENCY,Censustrac,BLKGROUP,BLOCK,NSA,NEIGHBORHO,NPU,COUNCILDIS,OTHERID,STATUS,POTENTIAL_,COMMITTEDT,COMMENTS,Zoningcate,ZONING,ZONINGOVER,INCLUSIONA,ACRES,FLD_ZONE,NOFLD_PERC,NOFLD_AREA,Brownfield,Brownfie_1,Slope_C5_A,Slope_C5_P,ELEM_TOTFR,Park_Dist,Close_Park,Is_Atl_Par,Train_Dist,STATION,Bus_Dist,stop_name,LILATracts,TAD_desc,CID_NAME,GrowthType,CDBGZONEDE,Urb_Displ_,Tree_Can,OppZone_Fe,OppZone_St,OppZ_State,TAX_LIEN_V,HH_Med_Est,HIST_DSTRC,HIST_SITEN,HIST_SITE_,Shape__Are,Shape__Len,PARCELID_A,Viable_Spo,LANDUSECOD,LANDUSEDES,Intersect_,Prop,Vacancy_Fl,Fulton_LUC,Fulton_LU,ClassCode,APSExcess,Active_Park,Active_APS,Greenway,ZONING_CLASSIFICATION,PERCENTAGE,CONCAT,ZONINGCODE,Shape__Area,Shape__Length
1,3,1,15 177 03 027,431 FLAT SHOALS AVE SE,CITY OF ATLANTA,City of Atlanta,428500,15 177 03 027, , ,19776 sq.ft,,61,ATLANTA, , , ,Dekalb, ,E1, ,,431 FLAT SHOALS AVE SE,ATLANTA,GA,30316,, , ,68 MITCHELL ST,,ATLANTA,GA,30303, ,,0,0,0, , , ,0,,,,,0,0,,0,0,0,,,0,0,,0,0,0,0,, , ,2018/05/28 00:00:00+00,,,,,SDE,2018/05/28 00:00:00+00,SDE,,,,,,,,,,,,,,,,,,,,,,,,,,,,,,,,,,,,,,,,,,,,,,,,,,,,,,,,,,,,,,,,,,,,,,NC-2,100,NC-2 = 100.0%,Neighborhood Commercial District,2664.398438,212.1157819
2,9,2,15 238 05 067,0 LAKESHORE DR NE,CITY OF ATLANTA,City of Atlanta,101800,15 238 05 067, , ,29646 sq.ft,,61,ATLANTA, , , ,Dekalb, ,E1, ,,0 LAKESHORE DR NE,ATLANTA,GA,30307,, , ,68 MITCHELL STA SW,,ATLANTA,GA,30303, ,,0,0,0, , , ,0,,,,,0,0,,0,0,0,,,0,0,,0,0,0,0,, , ,2018/05/28 00:00:00+00,,,,,SDE,2018/05/28 00:00:00+00,SDE,,,,,,,,,,,,,,,,,,,,,,,,,,,,,,,,,,,,,,,,,,,,,,,,,,,,,,,,,,,,,,,,,,,,,,R-4,100,R-4 = 100.0%,Single Family Residential,3996.46875,255.7813461
3,4,3,15 239 01 267,601 HAROLD AVE NE,CITY OF ATLANTA,City of Atlanta,105800,15 239 01 267, , ,7494 sq.ft,,61,ATLANTA, , , ,Dekalb, ,E1, ,,601 HAROLD AVE NE,ATLANTA,GA,30307,, , ,68 MITCHELL ST SW,,ATLANTA,GA,30303, ,,0,0,0, , , ,0,,,,,0,0,,0,0,0,,,0,0,,0,0,0,0,, , ,2018/05/28 00:00:00+00,,,,,SDE,2018/05/28 00:00:00+00,SDE,,,,,,,,,,,,,,,,,,,,,,,,,,,,,,,,,,,,,,,,,,,,,,,,,,,,,,,,,,,,,,,,,,,,,,R-4,100,R-4 = 100.0%,Single Family Residential,1010.578125,146.6459492
4,5,4,15 239 01 269,595 HAROLD AVE NE,CITY OF ATLANTA,City of Atlanta,95200,15 239 01 269, , , ,,61,ATLANTA, , , ,Dekalb, ,E1, ,,595 HAROLD AVE NE,ATLANTA,GA,30307,, , ,68 MITCHELL ST SW,,ATLANTA,GA,30303, ,,0,0,0, , , ,0,,,,,0,0,,0,0,0,,,0,0,,0,0,0,0,, , ,2018/05/28 00:00:00+00,,,,,SDE,2018/05/28 00:00:00+00,SDE,,,,,,,,,,,,,,,,,,,,,,,,,,,,,,,,,,,,,,,,,,,,,,,,,,,,,,,,,,,,,,,,,,,,,,R-4,100,R-4 = 100.0%,Single Family Residential,1010.058594,146.6363091
5,4,5,15 239 01 270,591 HAROLD AVE NE,CITY OF ATLANTA,City of Atlanta,95200,15 239 01 270, , , ,,61,ATLANTA, , , ,Dekalb, ,E1, ,,591 HAROLD AVE NE,ATLANTA,GA,30307,, , ,68 MITCHELL ST SW,,ATLANTA,GA,30303, ,,0,0,0, , , ,0,,,,,0,0,,0,0,0,,,0,0,,0,0,0,0,, , ,2018/05/28 00:00:00+00,,,,,SDE,2018/05/28 00:00:00+00,SDE,,,,,,,,,,,,,,,,,,,,,,,,,,,,,,,,,,,,,,,,,,,,,,,,,,,,,,,,,,,,,,,,,,,,,,R-4,100,R-4 = 100.0%,Single Family Residential,1015.765625,146.9348059
6,12,6,18 055 10 021,1330 EAST ROCK SPRINGS RD NE,CITY OF ATLANTA,City of Atlanta,12500,18 055 10 021, , , ,,61A,ATLANTA-ANNEX, , , ,Dekalb, ,R3, ,,1330 EAST ROCK SPRINGS RD NE,ATLANTA,GA,30306,, , ,55 TRINITY AVE STE 5000,,ATLANTA,GA,30303, ,,0,0,0, , , ,0,,,,,0,5000,,0,0,0,,,0,0,,0,0,0,0,, , ,2018/05/28 00:00:00+00,,,,,SDE,2018/05/28 00:00:00+00,SDE,,,,,,,,,,,,,,,,,,,,,,,,,,,,,,,,,,,,,,,,,,,,,,,,,,,,,,,,,,,,,,,,,,,,,,R-4A,100,R-4A = 100.0%,Single Family Residential,4178.433594,364.1615031
5012,1,5012,14 007900030632,0 LINDEN AVE NW # REAR,DEPARTMENT OF TRANSPORTATION,Georgia DOT,2700,14 00790003063,#,REAR,,,,,,,,Fulton,,,,0,0 LINDEN AVE NW # REAR,ATLANTA,GA,30308,,,,2 CAPITOL SQ,,ATLANTA,GA,30334,,,,,,,,,2700,0,1080,0,2700,,,,,,,,,,,,,,,,,,,,,,,,,,,,,,,,,,,,,,,,,,,,,,,,,,,,,,,,,,,,,,,,,,,,,,,,,,,,,,,,,,,,,,,,,,,,,,,,SPI-1 SA2,100,SPI-1 SA2 = 100.0%,Special Public Interest,51.703125,64.51700482
5013,5,5013,14 008000030241,25 FIFTH ST NW,BOARD OF REGENTS OF THE UNIVERSITY SYSTEM OF GEORGIA,University System of Georgia,531600,14 00800003024, , ,,,,,,,,Fulton,,,,0,25 FIFTH ST NW,ATLANTA,GA,30308,,,,270 WASHINGTON ST SW,,ATLANTA,GA,30334,,,,,,,,,529200,2400,211680,960,529200,,,,,,,,,,,,,,,,,,,,,,,,,,,,,,,,,,,,,,,,,,,,,,,,,,,,,,,,,,,,,,,,,,,,,,,,,,,,,,,,,,,,,,,,,,,,,,,,SPI-16 SA1,100,SPI-16 SA1 = 100.0%,Special Public Interest,1924.160156,214.8581979
5014,1,5014,14 008000020010,165 SIXTH ST NW,REGENTS UNIV SYSTEM OF GA,University System of Georgia,5646200,14 00800002001, , ,,,,,,,,Fulton,,,,0,165 SIXTH ST NW,ATLANTA,GA,30313,,,,270 WASHINGTON ST SW,,ATLANTA,GA,30334,,,,,,,,,2587500,3058700,1035000,1223480,2587500,,,,,,,,,,,,,,,,,,,,,,,,,,,,,,,,,,,,,,,,,,,,,,,,,,,,,,,,,,,,,,,,,,,,,,,,,,,,,,,,,,,,,,,,,,,,,,,,O-I,100,O-I = 100.0%,Office-Institutional,41231.35156,834.1708753
5015,8,5015,14 0081  LL0210,0 DALNEY ST NW,REGENTS UNIV SYSTEM OF GA,University System of Georgia,64451200,14 0081  LL021, , ,,,,,,,,Fulton,,,,0,0 DALNEY ST NW,ATLANTA,GA,30313,,,,270 WASHINGTON ST SW,,ATLANTA,GA,30334,,,,,,,,,30922200,33529000,12368880,13411600,30922200,,,,,,,,,,,,,,,,,,,,,,,,,,,,,,,,,,,,,,,,,,,,,,,,,,,,,,,,,,,,,,,,,,,,,,,,,,,,,,,,,,,,,,,,,,,,,,,,O-I,100,O-I = 100.0%,Office-Institutional,362198.168,3271.185267
5016,2,5016,14 008300031691,0 SIMPSON ST NW,STATE OF GEORGIA,State of Georgia,19809000,14 00830003169, , ,,,,,,,,Fulton,,,,0,0 SIMPSON ST NW,ATLANTA,GA,30313,,,,270 WASHINGTON ST SW,,ATLANTA,GA,30334,,,,,,,,,19809000,0,7923600,0,19809000,,,,,,,,,,,,,,,,,,,,,,,,,,,,,,,,,,,,,,,,,,,,,,,,,,,,,,,,,,,,,,,,,,,,,,,,,,,,,,,,,,,,,,,,,,,,,,,,SPI-1 SA1,100,SPI-1 SA1 = 100.0%,Special Public Interest,92721.62109,3573.306098
5017,1,5017,14 007600021345,146 MEMORIAL DR SW,GEORGIA BUILDING AUTHORITY,Georgia Building Authority,450300,14 00760002134, , ,,,,,,,,Fulton,,,,0,146 MEMORIAL DR SW,ATLANTA,GA,30303,,,,601 ONE PEACHTREE  ST SW,,ATLANTA,GA,30303,,,,,,,,,323400,126900,129360,50760,323400,,,,,,,,,,,,,,,,,,,,,,,,,,,,,,,,,,,,,,,,,,,,,,,,,,,,,,,,,,,,,,,,,,,,,,,,,,,,,,,,,,,,,,,,,,,,,,,,SPI-1 SA1,100,SPI-1 SA1 = 100.0%,Special Public Interest,325.5585938,72.17581137
5018,4,5018,14 0078  LL0025,0 FORSYTH ST NW,STATE OF GEORGIA,State of Georgia,1435100,14 0078  LL002, , ,,,,,,,,Fulton,,,,0,0 FORSYTH ST NW,ATLANTA,GA,30303,,,,270 WASHINGTON ST SW,,ATLANTA,GA,30334,,,,,,,,,1435100,0,574040,0,1435100,,,,,,,,,,,,,,,,,,,,,,,,,,,,,,,,,,,,,,,,,,,,,,,,,,,,,,,,,,,,,,,,,,,,,,,,,,,,,,,,,,,,,,,,,,,,,,,,SPI-1 SA1,100,SPI-1 SA1 = 100.0%,Special Public Interest,4285.867188,446.132013
5019,2,5019,14 0139  LL0360,0 WHITE ST SW,GEORGIA DEPARTMENT OF TRANSPORTATION,Georgia DOT,47000,14 0139  LL036, , ,,,,,,,,Fulton,,,,0,0 WHITE ST SW,ATLANTA,GA,30310,,,,86 PRYOR ST STE 300,,ATLANTA,GA,30303,,,,,,,,,47000,0,18800,0,47000,,,,,,,,,,,,,,,,,,,,,,,,,,,,,,,,,,,,,,,,,,,,,,,,,,,,,,,,,,,,,,,,,,,,,,,,,,,,,,,,,,,,,,,,,,,,,,,,I-1,100,I-1 = 100.0%,Industrial,1246.339844,161.8628313
5020,15,5020,14 0139  LL0345,0 WHITE ST SW,STATE OF GEORGIA DEPT OF TRANSPORTATION,Georgia DOT,3680400,14 0139  LL034, , ,,,,,,,,Fulton,,,,0,0 WHITE ST SW,ATLANTA,GA,30310,,,,2 CAPITAL SQ SW,,ATLANTA,GA,30334,,,,,,,,,3680400,0,1472160,0,3680400,,,,,,,,,,,,,,,,,,,,,,,,,,,,,,,,,,,,,,,,,,,,,,,,,,,,,,,,,,,,,,,,,,,,,,,,,,,,,,,,,,,,,,,,,,,,,,,,RG-2,100,"I-1 = 0.0%,RG-2 = 100.0%",Single Family Residential,37088.25391,3090.120281
5021,1,5021,14 014000020562,0 GREENWICH ST SW,STATE OF GEORGIA DEPT OF TRANSPORTATION,Georgia DOT,31400,14 01400002056, , ,,,,,,,,Fulton,,,,0,0 GREENWICH ST SW,ATLANTA,GA,30310,,,,2 CAPITAL SQ,,ATLANTA,GA,30334,,,,,,,,,31400,0,12560,0,31400,,,,,,,,,,,,,,,,,,,,,,,,,,,,,,,,,,,,,,,,,,,,,,,,,,,,,,,,,,,,,,,,,,,,,,,,,,,,,,,,,,,,,,,,,,,,,,,,R-5,100,R-5 = 100.0%,Single Family Residential,30.2109375,28.12508878
5022,2,5022,14 0212  LL0048,2857 M L KING JR DR NW,DEPARTMENT OF TRANSPORTATION,Georgia DOT,254400,14 0212  LL004, , ,,,,,,,,Fulton,,,,0,2857 M L KING JR DR NW,ATLANTA,GA,30311,,,,2 CAPITOL SQ,,ATLANTA,GA,30334,,,,,,,,,238700,15700,95480,6280,238700,,,,,,,,,,,,,,,,,,,,,,,,,,,,,,,,,,,,,,,,,,,,,,,,,,,,,,,,,,,,,,,,,,,,,,,,,,,,,,,,,,,,,,,,,,,,,,,,I-2,100,I-2 = 100.0%,Industrial,1926.914063,200.7436132
5023,2,5023,14 023700020020,0 GORDON RD SW,DEPARTMENT OF TRANSPORTATION,Georgia DOT,75900,14 02370002002, , ,,,,,,,,Fulton,,,,0,0 GORDON RD SW,ATLANTA,GA,30311,,,,2 CAPITOL SQ,,ATLANTA,GA,30334,,,,,,,,,75900,0,30360,0,75900,,,,,,,,,,,,,,,,,,,,,,,,,,,,,,,,,,,,,,,,,,,,,,,,,,,,,,,,,,,,,,,,,,,,,,,,,,,,,,,,,,,,,,,,,,,,,,,,C-1,100,C-1 = 100.0%,Commercial,2188.207031,189.4639324
5024,2,5024,14 023800030564,0 STRATFORD DR NW,DEPARTMENT OF TRANSPORTATION,Georgia DOT,1100,14 02380003056, , ,,,,,,,,Fulton,,,,0,0 STRATFORD DR NW,ATLANTA,GA,30311,,,,2 CAPITOL SQ,,ATLANTA,GA,30334,,,,,,,,,1100,0,440,0,1100,,,,,,,,,,,,,,,,,,,,,,,,,,,,,,,,,,,,,,,,,,,,,,,,,,,,,,,,,,,,,,,,,,,,,,,,,,,,,,,,,,,,,,,,,,,,,,,,R-4,100,R-4 = 100.0%,Single Family Residential,796.7773438,185.5100371
5025,4,5025,14 024200020510,0 LAKE VALLEY RD NW,DEPARTMENT OF TRANSPORTATION,Georgia DOT,64400,14 02420002051, , ,,,,,,,,Fulton,,,,0,0 LAKE VALLEY RD NW,ATLANTA,GA,30331,,,,2 CAPITOL SQ SW,,ATLANTA,GA,30334,,,,,,,,,64400,0,25760,0,64400,,,,,,,,,,,,,,,,,,,,,,,,,,,,,,,,,,,,,,,,,,,,,,,,,,,,,,,,,,,,,,,,,,,,,,,,,,,,,,,,,,,,,,,,,,,,,,,,R-4,100,R-4 = 100.0%,Single Family Residential,5178.875,342.8092936
5026,5,5026,14F0006  LL1644,0 CAMPBELLTON RD SW,DEPARTMENT OF TRANSPORTATION,Georgia DOT,329200,14F0006  LL164, , ,,,,,,,,Fulton,,,,0,0 CAMPBELLTON RD SW,ATLANTA,GA,30331,,,,2 CAPITOL SQ,,ATLANTA,GA,30334,,,,,,,,,329200,0,131680,0,329200,,,,,,,,,,,,,,,,,,,,,,,,,,,,,,,,,,,,,,,,,,,,,,,,,,,,,,,,,,,,,,,,,,,,,,,,,,,,,,,,,,,,,,,,,,,,,,,,MRC-2-C,100,MRC-2-C = 100.0%,Multi-Family Residential,14567.95703,570.5994397
5027,2,5027,14F0006  LL1669,0 CAMPBELLTON RD SW,DEPARTMENT OF TRANSPORTATION,Georgia DOT,337100,14F0006  LL166, , ,,,,,,,,Fulton,,,,0,0 CAMPBELLTON RD SW,ATLANTA,GA,30331,,,,2 CAPITOL SQ,,ATLANTA,GA,30334,,,,,,,,,337100,0,134840,0,337100,,,,,,,,,,,,,,,,,,,,,,,,,,,,,,,,,,,,,,,,,,,,,,,,,,,,,,,,,,,,,,,,,,,,,,,,,,,,,,,,,,,,,,,,,,,,,,,,SPI-20 SA2,100,SPI-20 SA2 = 100.0%,Special Public Interest,9073.933594,565.3619437
5028,1,5028,14F0028  LL0392,0 CASCADE RD,DEPARTMENT OF TRANSPORTATION,Georgia DOT,17200,14F0028  LL039, , ,,,,,,,,Fulton,,,,0,0 CASCADE RD,ATLANTA,GA,30331,,,,2 CAPITOL SQ,,ATLANTA,GA,30334,,,,,,,,,17200,0,6880,0,17200,,,,,,,,,,,,,,,,,,,,,,,,,,,,,,,,,,,,,,,,,,,,,,,,,,,,,,,,,,,,,,,,,,,,,,,,,,,,,,,,,,,,,,,,,,,,,,,,R-3,97,R-3 = 97.0%,Single Family Residential,2485.585938,309.0986272
5029,21,5029,14 0009  LL0011,0 UNITED AVE SE,STATE OF GEORGIA,State of Georgia,1906300,14 0009  LL001, , ,,,,,,,,Fulton,,,,0,0 UNITED AVE SE,ATLANTA,GA,30316,,,,270 WASHINGTON ST STE 02-129,,ATLANTA,GA,30334,,,,,,,,,1906300,0,762520,0,1906300,,,,,,,,,,,,,,,,,,,,,,,,,,,,,,,,,,,,,,,,,,,,,,,,,,,,,,,,,,,,,,,,,,,,,,,,,,,,,,,,,,,,,,,,,,,,,,,,R-4,100,R-4 = 100.0%,Single Family Residential,205438.1172,2009.076193
5030,1,5030,14 0010  LL0026,0 UNITED AVE SE,STATE OF GEORGIA,State of Georgia,4537400,14 0010  LL002, , ,,,,,,,,Fulton,,,,0,0 UNITED AVE SE,ATLANTA,GA,30316,,,,270 WASHINGTON ST STE 02-129,,ATLANTA,GA,30334,,,,,,,,,97400,4440000,38960,1776000,97400,,,,,,,,,,,,,,,,,,,,,,,,,,,,,,,,,,,,,,,,,,,,,,,,,,,,,,,,,,,,,,,,,,,,,,,,,,,,,,,,,,,,,,,,,,,,,,,,O-I,100,"O-I = 100.0%,R-4 = 0.0%",Office-Institutional,4821.988281,290.4982209
5031,2,5031,14 001200040797,0 STOVALL ST SE,DEPARTMENT OF TRANSPORTATION,Georgia DOT,26600,14 00120004079, , ,,,,,,,,Fulton,,,,0,0 STOVALL ST SE,ATLANTA,GA,30316,,,,2 CAPITOL SQ SW,,ATLANTA,GA,30334,,,,,,,,,26600,0,10640,0,26600,,,,,,,,,,,,,,,,,,,,,,,,,,,,,,,,,,,,,,,,,,,,,,,,,,,,,,,,,,,,,,,,,,,,,,,,,,,,,,,,,,,,,,,,,,,,,,,,R-4,100,R-4 = 100.0%,Single Family Residential,1072.59375,154.5822482
5032,7,5032,14 0024  LL0020,0 UNITED AVE SE,STATE OF GEORGIA,State of Georgia,563200,14 0024  LL002, , ,,,,,,,,Fulton,,,,0,0 UNITED AVE SE,ATLANTA,GA,30316,,,,270 WASHINGTON ST STE 02-129,,ATLANTA,GA,30334,,,,,,,,,563200,0,225280,0,563200,,,,,,,,,,,,,,,,,,,,,,,,,,,,,,,,,,,,,,,,,,,,,,,,,,,,,,,,,,,,,,,,,,,,,,,,,,,,,,,,,,,,,,,,,,,,,,,,R-4,100,R-4 = 100.0%,Single Family Residential,80261.64844,1194.001671
5033,1,5033,14 004400050939,0 OAKLAND AVE SE,DEPARTMENT OF TRANSPORTATION,Georgia DOT,38400,14 00440005093, , ,,,,,,,,Fulton,,,,1,0 OAKLAND AVE SE,ATLANTA,GA,30312,,,,2 CAPITOL SQ,,ATLANTA,GA,30334,,,,,,,,,38400,0,15360,0,38400,,,,,,,,,,,,,,,,,,,,,,,,,,,,,,,,,,,,,,,,,,,,,,,,,,,,,,,,,,,,,,,,,,,,,,,,,,,,,,,,,,,,,,,,,,,,,,,,R-5,100,R-5 = 100.0%,Single Family Residential,661.6757813,169.5199036
5034,2,5034,14 005300041993,0 EXPRESSWAY SE,DEPARTMENT OF TRANSPORTATION,Georgia DOT,56400,14 00530004199, , ,,,,,,,,Fulton,,,,0,0 EXPRESSWAY SE,ATLANTA,GA,30312,,,,2 CAPITOL SQ,,ATLANTA,GA,30334,,,,,,,,,56400,0,22560,0,56400,,,,,,,,,,,,,,,,,,,,,,,,,,,,,,,,,,,,,,,,,,,,,,,,,,,,,,,,,,,,,,,,,,,,,,,,,,,,,,,,,,,,,,,,,,,,,,,,RG-3,100,RG-3 = 100.0%,Single Family Residential,153.9492188,49.80226958
5035,2,5035,14 005300042132,0 I 20 SE,DEPARTMENT OF TRANSPORTATION,Georgia DOT,127100,14 00530004213, , ,,,,,,,,Fulton,,,,0,0 I 20 SE,ATLANTA,GA,30312,,,,2 CAPITOL SQ,,ATLANTA,GA,30334,,,,,,,,,127100,0,50840,0,127100,,,,,,,,,,,,,,,,,,,,,,,,,,,,,,,,,,,,,,,,,,,,,,,,,,,,,,,,,,,,,,,,,,,,,,,,,,,,,,,,,,,,,,,,,,,,,,,,PD-MU,100,PD-MU = 100.0%,Planned Development,1669.367188,321.547341
5036,1,5036,14 005300041837,0 MARTIN ST SE,DEPARTMENT OF TRANSPORTATION,Georgia DOT,106500,14 00530004183, , ,,,,,,,,Fulton,,,,0,0 MARTIN ST SE,ATLANTA,GA,30312,,,,2 CAPITOL SQ,,ATLANTA,GA,30334,,,,,,,,,106500,0,42600,0,106500,,,,,,,,,,,,,,,,,,,,,,,,,,,,,,,,,,,,,,,,,,,,,,,,,,,,,,,,,,,,,,,,,,,,,,,,,,,,,,,,,,,,,,,,,,,,,,,,RG-3,100,RG-3 = 100.0%,Single Family Residential,408.7695313,88.11626819
5037,1,5037,14 005300051562,0 MARTIN ST SE,DEPARTMENT OF TRANSPORTATION,Georgia DOT,108000,14 00530005156, , ,,,,,,,,Fulton,,,,0,0 MARTIN ST SE,ATLANTA,GA,30312,,,,2 CAPITOL SQ,,ATLANTA,GA,30334,,,,,,,,,108000,0,43200,0,108000,,,,,,,,,,,,,,,,,,,,,,,,,,,,,,,,,,,,,,,,,,,,,,,,,,,,,,,,,,,,,,,,,,,,,,,,,,,,,,,,,,,,,,,,,,,,,,,,RG-3,100,RG-3 = 100.0%,Single Family Residential,420.46875,93.16476961
5038,5,5038,14 005300061140,0 KELLY ST SE,DEPARTMENT OF TRANSPORTATION,Georgia DOT,105400,14 00530006114, , ,,,,,,,,Fulton,,,,0,0 KELLY ST SE,ATLANTA,GA,30312,,,,2 CAPITOL SQ,,ATLANTA,GA,30334,,,,,,,,,105400,0,42160,0,105400,,,,,,,,,,,,,,,,,,,,,,,,,,,,,,,,,,,,,,,,,,,,,,,,,,,,,,,,,,,,,,,,,,,,,,,,,,,,,,,,,,,,,,,,,,,,,,,,R-5,100,R-5 = 100.0%,Single Family Residential,621.4335938,126.5185606
5039,2,5039,14 0067  LL0911,0 OLD WATERS RD SW,DEPARTMENT OF TRANSPORTATION,Georgia DOT,95100,14 0067  LL091, , ,,,,,,,,Fulton,,,,0,0 OLD WATERS RD SW,ATLANTA,GA,30354,,,,2 CAPITOL SQ,,ATLANTA,GA,30334,,,,,,,,,95100,0,38040,0,95100,,,,,,,,,,,,,,,,,,,,,,,,,,,,,,,,,,,,,,,,,,,,,,,,,,,,,,,,,,,,,,,,,,,,,,,,,,,,,,,,,,,,,,,,,,,,,,,,I-1,100,I-1 = 100.0%,Industrial,5256.089844,561.1662925
5040,2,5040,14 006700030057,0 WALLACE RD SW,DEPARTMENT OF TRANSPORTATION,Georgia DOT,15500,14 00670003005, , ,,,,,,,,Fulton,,,,0,0 WALLACE RD SW,ATLANTA,GA,30354,,,,2 CAPITOL SQ,,ATLANTA,GA,30334,,,,,,,,,15500,0,6200,0,15500,,,,,,,,,,,,,,,,,,,,,,,,,,,,,,,,,,,,,,,,,,,,,,,,,,,,,,,,,,,,,,,,,,,,,,,,,,,,,,,,,,,,,,,,,,,,,,,,R-4,100,R-4 = 100.0%,Single Family Residential,1040.707031,129.9830117
5041,2,5041,14 006700040254,0 WATERS RD SW,DEPARTMENT OF TRANSPORTATION,Georgia DOT,19600,14 00670004025, , ,,,,,,,,Fulton,,,,0,0 WATERS RD SW,ATLANTA,GA,30354,,,,2 CAPITOL SQ,,ATLANTA,GA,30334,,,,,,,,,19600,0,7840,0,19600,,,,,,,,,,,,,,,,,,,,,,,,,,,,,,,,,,,,,,,,,,,,,,,,,,,,,,,,,,,,,,,,,,,,,,,,,,,,,,,,,,,,,,,,,,,,,,,,I-1,100,I-1 = 100.0%,Industrial,298.4921875,81.22624966
5042,2,5042,14 006700040262,414 OLD WATERS RD SW,DEPARTMENT OF TRANSPORTATION,Georgia DOT,54200,14 00670004026, , ,,,,,,,,Fulton,,,,1,414 OLD WATERS RD SW,ATLANTA,GA,30354,,,,2 CAPITOL SQ,,ATLANTA,GA,30334,,,,,,,,,24300,29900,9720,11960,24300,,,,,,,,,,,,,,,,,,,,,,,,,,,,,,,,,,,,,,,,,,,,,,,,,,,,,,,,,,,,,,,,,,,,,,,,,,,,,,,,,,,,,,,,,,,,,,,,I-1,100,I-1 = 100.0%,Industrial,988.0078125,128.8411355
5043,1,5043,14 006700040270,0 WATERS RD SW,DEPARTMENT OF TRANSPORTATION,Georgia DOT,28800,14 00670004027, , ,,,,,,,,Fulton,,,,0,0 WATERS RD SW,ATLANTA,GA,30354,,,,2 CAPITOL SQ SW,,ATLANTA,GA,30334,,,,,,,,,28800,0,11520,0,28800,,,,,,,,,,,,,,,,,,,,,,,,,,,,,,,,,,,,,,,,,,,,,,,,,,,,,,,,,,,,,,,,,,,,,,,,,,,,,,,,,,,,,,,,,,,,,,,,I-1,100,I-1 = 100.0%,Industrial,852.0117188,116.8426873
5044,2,5044,14 006700040304,0 OLD WATERS RD SW,DEPARTMENT OF TRANSPORTATION,Georgia DOT,17400,14 00670004030, , ,,,,,,,,Fulton,,,,0,0 OLD WATERS RD SW,ATLANTA,GA,30354,,,,2 CAPITOL SQ,,ATLANTA,GA,30334,,,,,,,,,17400,0,6960,0,17400,,,,,,,,,,,,,,,,,,,,,,,,,,,,,,,,,,,,,,,,,,,,,,,,,,,,,,,,,,,,,,,,,,,,,,,,,,,,,,,,,,,,,,,,,,,,,,,,I-1,100,I-1 = 100.0%,Industrial,234.578125,86.39902787
5045,1,5045,14 006700040296,0 OLD WATERS RD SW,DEPARTMENT OF TRANSPORTATION,Georgia DOT,27100,14 00670004029, , ,,,,,,,,Fulton,,,,0,0 OLD WATERS RD SW,ATLANTA,GA,30354,,,,2 CAPITOL SQ,,ATLANTA,GA,30334,,,,,,,,,27100,0,10840,0,27100,,,,,,,,,,,,,,,,,,,,,,,,,,,,,,,,,,,,,,,,,,,,,,,,,,,,,,,,,,,,,,,,,,,,,,,,,,,,,,,,,,,,,,,,,,,,,,,,I-1,100,I-1 = 100.0%,Industrial,776.8671875,127.4729486
5046,1,5046,14 0068  LL0837,2750 FORREST HILLS DR SW,DEPARTMENT OF TRANSPORTATION,Georgia DOT,470000,14 0068  LL083, , ,,,,,,,,Fulton,,,,0,2750 FORREST HILLS DR SW,ATLANTA,GA,30315,,,,2 CAPITOL SQ,,ATLANTA,GA,30334,,,,,,,,,77100,392900,30840,157160,77100,,,,,,,,,,,,,,,,,,,,,,,,,,,,,,,,,,,,,,,,,,,,,,,,,,,,,,,,,,,,,,,,,,,,,,,,,,,,,,,,,,,,,,,,,,,,,,,,C-1,100,C-1 = 100.0%,Commercial,4973.335938,321.7839602
5047,1,5047,14 0069  LL0695,0 FORREST HILLS DR SW,DEPARTMENT OF TRANSPORTATION,Georgia DOT,17000,14 0069  LL069, , ,,,,,,,,Fulton,,,,0,0 FORREST HILLS DR SW,ATLANTA,GA,30315,,,,2 CAPITOL SQ,,ATLANTA,GA,30334,,,,,,,,,17000,0,6800,0,17000,,,,,,,,,,,,,,,,,,,,,,,,,,,,,,,,,,,,,,,,,,,,,,,,,,,,,,,,,,,,,,,,,,,,,,,,,,,,,,,,,,,,,,,,,,,,,,,,C-1,100,C-1 = 100.0%,Commercial,1183.238281,211.4211391
5048,1,5048,14 006900050178,0 FORREST HILLS DR SW,DEPARTMENT OF TRANSPORTATION,Georgia DOT,9100,14 00690005017, , ,,,,,,,,Fulton,,,,0,0 FORREST HILLS DR SW,ATLANTA,GA,30315,,,,2 CAPITOL SQ,,ATLANTA,GA,30334,,,,,,,,,9100,0,3640,0,9100,,,,,,,,,,,,,,,,,,,,,,,,,,,,,,,,,,,,,,,,,,,,,,,,,,,,,,,,,,,,,,,,,,,,,,,,,,,,,,,,,,,,,,,,,,,,,,,,C-1,100,C-1 = 100.0%,Commercial,744.4726563,118.567611
5049,1,5049,14 007300020282,0 LINCOLN ST SW,DEPARTMENT OF TRANSPORTATION,Georgia DOT,21700,14 00730002028, , ,,,,,,,,Fulton,,,,0,0 LINCOLN ST SW,ATLANTA,GA,30315,,,,2 CAPITOL SQ,,ATLANTA,GA,30334,,,,,,,,,21700,0,8680,0,21700,,,,,,,,,,,,,,,,,,,,,,,,,,,,,,,,,,,,,,,,,,,,,,,,,,,,,,,,,,,,,,,,,,,,,,,,,,,,,,,,,,,,,,,,,,,,,,,,I-2-C,100,I-2-C = 100.0%,Industrial,588.7695313,102.1974078
5050,2,5050,14 007300020407,0 COLLEGE AVE SW,DEPARTMENT OF TRANSPORTATION,Georgia DOT,400,14 00730002040, , ,,,,,,,,Fulton,,,,0,0 COLLEGE AVE SW,ATLANTA,GA,30315,,,,2 CAPITOL SQ,,ATLANTA,GA,30334,,,,,,,,,400,0,160,0,400,,,,,,,,,,,,,,,,,,,,,,,,,,,,,,,,,,,,,,,,,,,,,,,,,,,,,,,,,,,,,,,,,,,,,,,,,,,,,,,,,,,,,,,,,,,,,,,,I-2-C,100,I-2-C = 100.0%,Industrial,197.1796875,63.5701086
5051,2,5051,14 007300020423,0 LINCOLN ST SW,DEPARTMENT OF TRANSPORTATION,Georgia DOT,17000,14 00730002042, , ,,,,,,,,Fulton,,,,1,0 LINCOLN ST SW,ATLANTA,GA,30315,,,,2 CAPITOL SQ,,ATLANTA,GA,30334,,,,,,,,,17000,0,6800,0,17000,,,,,,,,,,,,,,,,,,,,,,,,,,,,,,,,,,,,,,,,,,,,,,,,,,,,,,,,,,,,,,,,,,,,,,,,,,,,,,,,,,,,,,,,,,,,,,,,I-2-C,100,I-2-C = 100.0%,Industrial,261.59375,78.76123916
5052,1,5052,14 007300020100,0 COLLEGE AVE SW,DEPARTMENT OF TRANSPORTATION,Georgia DOT,400,14 00730002010, , ,,,,,,,,Fulton,,,,0,0 COLLEGE AVE SW,ATLANTA,GA,30315,,,,2 CAPITOL SQ,,ATLANTA,GA,30334,,,,,,,,,400,0,160,0,400,,,,,,,,,,,,,,,,,,,,,,,,,,,,,,,,,,,,,,,,,,,,,,,,,,,,,,,,,,,,,,,,,,,,,,,,,,,,,,,,,,,,,,,,,,,,,,,,I-2-C,100,I-2-C = 100.0%,Industrial,255.1523438,76.41547293
5053,2,5053,14 007400030330,0 WASHINGTON ST SW,DEPARTMENT OF TRANSPORTATION,Georgia DOT,81300,14 00740003033, , ,,,,,,,,Fulton,,,,0,0 WASHINGTON ST SW,ATLANTA,GA,30315,,,,2 CAPITOL SQ,,ATLANTA,GA,30334,,,,,,,,,81300,0,32520,0,81300,,,,,,,,,,,,,,,,,,,,,,,,,,,,,,,,,,,,,,,,,,,,,,,,,,,,,,,,,,,,,,,,,,,,,,,,,,,,,,,,,,,,,,,,,,,,,,,,R-5-C,100,R-5-C = 100.0%,Single Family Residential,775.3632813,125.4710134
5054,1,5054,14 007400060220,0 VASSAR ST SW,DEPARTMENT OF TRANSPORTATION,Georgia DOT,66600,14 00740006022, , ,,,,,,,,Fulton,,,,0,0 VASSAR ST SW,ATLANTA,GA,30315,,,,2 CAPITOL SQ,,ATLANTA,GA,30334,,,,,,,,,66600,0,26640,0,66600,,,,,,,,,,,,,,,,,,,,,,,,,,,,,,,,,,,,,,,,,,,,,,,,,,,,,,,,,,,,,,,,,,,,,,,,,,,,,,,,,,,,,,,,,,,,,,,,R-5-C,100,R-5-C = 100.0%,Single Family Residential,403.9609375,80.89837771
5055,1,5055,14 007400090797,1191 PRYOR RD SW,DEPARTMENT OF TRANSPORTATION,Georgia DOT,119700,14 00740009079, , ,,,,,,,,Fulton,,,,0,1191 PRYOR RD SW,ATLANTA,GA,30315,,,,2 CAPITOL SQ,,ATLANTA,GA,30334,,,,,,,,,28500,91200,11400,36480,28500,,,,,,,,,,,,,,,,,,,,,,,,,,,,,,,,,,,,,,,,,,,,,,,,,,,,,,,,,,,,,,,,,,,,,,,,,,,,,,,,,,,,,,,,,,,,,,,,I-2-C,100,I-2-C = 100.0%,Industrial,1087.59375,130.7389558
5056,1,5056,14 007400090854,1159 PRYOR ST SW,DEPARTMENT OF TRANSPORTATION,Georgia DOT,46800,14 00740009085, , ,,,,,,,,Fulton,,,,0,1159 PRYOR ST SW,ATLANTA,GA,30315,,,,2 CAPITOL SQ,,ATLANTA,GA,30334,,,,,,,,,31100,15700,12440,6280,31100,,,,,,,,,,,,,,,,,,,,,,,,,,,,,,,,,,,,,,,,,,,,,,,,,,,,,,,,,,,,,,,,,,,,,,,,,,,,,,,,,,,,,,,,,,,,,,,,I-2-C,100,I-2-C = 100.0%,Industrial,1318.609375,145.2763952
5057,1,5057,14 007400090656,0 BOYKIN ST SW,DEPARTMENT OF TRANSPORTATION,Georgia DOT,21000,14 00740009065, , ,,,,,,,,Fulton,,,,0,0 BOYKIN ST SW,ATLANTA,GA,30315,,,,2 CAPITOL SQ,,ATLANTA,GA,30334,,,,,,,,,21000,0,8400,0,21000,,,,,,,,,,,,,,,,,,,,,,,,,,,,,,,,,,,,,,,,,,,,,,,,,,,,,,,,,,,,,,,,,,,,,,,,,,,,,,,,,,,,,,,,,,,,,,,,I-2-C,100,I-2-C = 100.0%,Industrial,534.3710938,113.9119564
5058,1,5058,14 007400090821,1135 PRYOR ST SW,DEPARTMENT OF TRANSPORTATION,Georgia DOT,174900,14 00740009082, , ,,,,,,,,Fulton,,,,0,1135 PRYOR ST SW,ATLANTA,GA,30315,,,,2 CAPITOL SQ,,ATLANTA,GA,30334,,,,,,,,,74600,100300,29840,40120,74600,,,,,,,,,,,,,,,,,,,,,,,,,,,,,,,,,,,,,,,,,,,,,,,,,,,,,,,,,,,,,,,,,,,,,,,,,,,,,,,,,,,,,,,,,,,,,,,,I-2-C,100,"I-2-C = 99.0%,R-4B = 1.0%",Industrial,4524.320313,277.4360112
5059,2,5059,14 007400090664,1173 PRYOR ST SW,DEPARTMENT OF TRANSPORTATION,Georgia DOT,55900,14 00740009066, , ,,,,,,,,Fulton,,,,0,1173 PRYOR ST SW,ATLANTA,GA,30315,,,,2 CAPITOL SQ,,ATLANTA,GA,30334,,,,,,,,,21400,34500,8560,13800,21400,,,,,,,,,,,,,,,,,,,,,,,,,,,,,,,,,,,,,,,,,,,,,,,,,,,,,,,,,,,,,,,,,,,,,,,,,,,,,,,,,,,,,,,,,,,,,,,,I-2-C,100,I-2-C = 100.0%,Industrial,530.7539063,102.2274137
5060,1,5060,14 007400090623,0 PRYOR ST SW,DEPARTMENT OF TRANSPORTATION,Georgia DOT,43300,14 00740009062, , ,,,,,,,,Fulton,,,,0,0 PRYOR ST SW,ATLANTA,GA,30315,,,,2 CAPITOL SQ,,ATLANTA,GA,30334,,,,,,,,,43300,0,17320,0,43300,,,,,,,,,,,,,,,,,,,,,,,,,,,,,,,,,,,,,,,,,,,,,,,,,,,,,,,,,,,,,,,,,,,,,,,,,,,,,,,,,,,,,,,,,,,,,,,,I-2-C,100,I-2-C = 100.0%,Industrial,799.8554688,138.9761379
5061,1,5061,14 007400090722,0 FLETCHER ST SW,DEPARTMENT OF TRANSPORTATION,Georgia DOT,26800,14 00740009072, , ,,,,,,,,Fulton,,,,0,0 FLETCHER ST SW,ATLANTA,GA,30315,,,,2 CAPITOL SQ,,ATLANTA,GA,30334,,,,,,,,,26800,0,10720,0,26800,,,,,,,,,,,,,,,,,,,,,,,,,,,,,,,,,,,,,,,,,,,,,,,,,,,,,,,,,,,,,,,,,,,,,,,,,,,,,,,,,,,,,,,,,,,,,,,,I-2-C,100,I-2-C = 100.0%,Industrial,989.7148438,124.4357476
5062,2,5062,14 007400090839,1185 PRYOR ST SW,DEPARTMENT OF TRANSPORTATION,Georgia DOT,38600,14 00740009083, , ,,,,,,,,Fulton,,,,0,1185 PRYOR ST SW,ATLANTA,GA,30315,,,,2 CAPITOL SQ,,ATLANTA,GA,30334,,,,,,,,,37300,1300,14920,520,37300,,,,,,,,,,,,,,,,,,,,,,,,,,,,,,,,,,,,,,,,,,,,,,,,,,,,,,,,,,,,,,,,,,,,,,,,,,,,,,,,,,,,,,,,,,,,,,,,I-2-C,100,I-2-C = 100.0%,Industrial,1728.226563,167.6346379
5063,2,5063,14 007400090847,171 BOYKIN ST SW,DEPARTMENT OF TRANSPORTATION,Georgia DOT,33700,14 00740009084, , ,,,,,,,,Fulton,,,,0,171 BOYKIN ST SW,ATLANTA,GA,30315,,,,2 CAPITOL SQ,,ATLANTA,GA,30334,,,,,,,,,22900,10800,9160,4320,22900,,,,,,,,,,,,,,,,,,,,,,,,,,,,,,,,,,,,,,,,,,,,,,,,,,,,,,,,,,,,,,,,,,,,,,,,,,,,,,,,,,,,,,,,,,,,,,,,I-2-C,100,I-2-C = 100.0%,Industrial,701.8046875,111.7389849
5064,8,5064,14 007500020264,637 PULLIAM ST SW,DEPARTMENT OF TRANSPORTATION,Georgia DOT,107100,14 00750002026, , ,,,,,,,,Fulton,,,,0,637 PULLIAM ST SW,ATLANTA,GA,30312,,,,2 CAPITOL SQ,,ATLANTA,GA,30334,,,,,,,,,81100,26000,32440,10400,81100,,,,,,,,,,,,,,,,,,,,,,,,,,,,,,,,,,,,,,,,,,,,,,,,,,,,,,,,,,,,,,,,,,,,,,,,,,,,,,,,,,,,,,,,,,,,,,,,SPI-18 SA1,100,SPI-18 SA1 = 100.0%,Special Public Interest,2789.890625,244.893998
5065,1,5065,14 007500020223,150 GLENN ST SW,DEPARTMENT OF TRANSPORTATION,Georgia DOT,39900,14 00750002022, , ,,,,,,,,Fulton,,,,1,150 GLENN ST SW,ATLANTA,GA,30312,,,,2 CAPITOL SQ,,ATLANTA,GA,30334,,,,,,,,,17700,22200,7080,8880,17700,,,,,,,,,,,,,,,,,,,,,,,,,,,,,,,,,,,,,,,,,,,,,,,,,,,,,,,,,,,,,,,,,,,,,,,,,,,,,,,,,,,,,,,,,,,,,,,,SPI-18 SA1,100,SPI-18 SA1 = 100.0%,Special Public Interest,684.0273438,112.5451771
5066,2,5066,14 007500020389,0 CENTRAL AVE SW,DEPARTMENT OF TRANSPORTATION,Georgia DOT,46500,14 00750002038, , ,,,,,,,,Fulton,,,,0,0 CENTRAL AVE SW,ATLANTA,GA,30312,,,,2 CAPITOL SQ,,ATLANTA,GA,30334,,,,,,,,,46500,0,18600,0,46500,,,,,,,,,,,,,,,,,,,,,,,,,,,,,,,,,,,,,,,,,,,,,,,,,,,,,,,,,,,,,,,,,,,,,,,,,,,,,,,,,,,,,,,,,,,,,,,,SPI-18 SA1,100,SPI-18 SA1 = 100.0%,Special Public Interest,655.9921875,108.346668
5067,1,5067,14 007500020199,622 CENTRAL AVE SW,DEPARTMENT OF TRANSPORTATION,Georgia DOT,57000,14 00750002019, , ,,,,,,,,Fulton,,,,1,622 CENTRAL AVE SW,ATLANTA,GA,30312,,,,2 CAPITOL SQ,,ATLANTA,GA,30334,,,,,,,,,46500,10500,18600,4200,46500,,,,,,,,,,,,,,,,,,,,,,,,,,,,,,,,,,,,,,,,,,,,,,,,,,,,,,,,,,,,,,,,,,,,,,,,,,,,,,,,,,,,,,,,,,,,,,,,SPI-18 SA1,100,SPI-18 SA1 = 100.0%,Special Public Interest,707.8046875,111.1102789
5068,3,5068,14 007500020280,0 RALPH D ABERNATHY BLVD SW,DEPARTMENT OF TRANSPORTATION,Georgia DOT,50100,14 00750002028, , ,,,,,,,,Fulton,,,,0,0 RALPH D ABERNATHY BLVD SW,ATLANTA,GA,30312,,,,2 CAPITOL SQ,,ATLANTA,GA,30334,,,,,,,,,50100,0,20040,0,50100,,,,,,,,,,,,,,,,,,,,,,,,,,,,,,,,,,,,,,,,,,,,,,,,,,,,,,,,,,,,,,,,,,,,,,,,,,,,,,,,,,,,,,,,,,,,,,,,SPI-18 SA3,100,SPI-18 SA3 = 100.0%,Special Public Interest,713.1015625,120.0692547
5069,4,5069,14 007500020256,629 PULLIAM ST SW,DEPARTMENT OF TRANSPORTATION,Georgia DOT,57500,14 00750002025, , ,,,,,,,,Fulton,,,,0,629 PULLIAM ST SW,ATLANTA,GA,30312,,,,2 CAPITOL SQ,,ATLANTA,GA,30334,,,,,,,,,45400,12100,18160,4840,45400,,,,,,,,,,,,,,,,,,,,,,,,,,,,,,,,,,,,,,,,,,,,,,,,,,,,,,,,,,,,,,,,,,,,,,,,,,,,,,,,,,,,,,,,,,,,,,,,SPI-18 SA1,100,SPI-18 SA1 = 100.0%,Special Public Interest,605.6171875,102.1821607
5070,2,5070,14 007500020363,0 CENTRAL AVE SW,DEPARTMENT OF TRANSPORTATION,Georgia DOT,47300,14 00750002036, , ,,,,,,,,Fulton,,,,0,0 CENTRAL AVE SW,ATLANTA,GA,30312,,,,2 CAPITOL SQ,,ATLANTA,GA,30334,,,,,,,,,47300,0,18920,0,47300,,,,,,,,,,,,,,,,,,,,,,,,,,,,,,,,,,,,,,,,,,,,,,,,,,,,,,,,,,,,,,,,,,,,,,,,,,,,,,,,,,,,,,,,,,,,,,,,SPI-18 SA1,100,SPI-18 SA1 = 100.0%,Special Public Interest,669.1523438,109.3330557
5071,3,5071,14 007500020306,0 RALPH D ABERNATHY BLVD SW,DEPARTMENT OF TRANSPORTATION,Georgia DOT,48500,14 00750002030, , ,,,,,,,,Fulton,,,,0,0 RALPH D ABERNATHY BLVD SW,ATLANTA,GA,30312,,,,2 CAPITOL SQ,,ATLANTA,GA,30334,,,,,,,,,48500,0,19400,0,48500,,,,,,,,,,,,,,,,,,,,,,,,,,,,,,,,,,,,,,,,,,,,,,,,,,,,,,,,,,,,,,,,,,,,,,,,,,,,,,,,,,,,,,,,,,,,,,,,SPI-18 SA3,100,SPI-18 SA3 = 100.0%,Special Public Interest,705.0351563,125.5837783
5072,3,5072,14 007500020272,0 RALPH D ABERNATHY BLVD SW,DEPARTMENT OF TRANSPORTATION,Georgia DOT,38500,14 00750002027, , ,,,,,,,,Fulton,,,,0,0 RALPH D ABERNATHY BLVD SW,ATLANTA,GA,30312,,,,2 CAPITOL SQ,,ATLANTA,GA,30334,,,,,,,,,38500,0,15400,0,38500,,,,,,,,,,,,,,,,,,,,,,,,,,,,,,,,,,,,,,,,,,,,,,,,,,,,,,,,,,,,,,,,,,,,,,,,,,,,,,,,,,,,,,,,,,,,,,,,SPI-18 SA3,100,SPI-18 SA3 = 100.0%,Special Public Interest,314.4882813,88.37529577
5073,2,5073,14 007500020371,0 CENTRAL AVE SW,DEPARTMENT OF TRANSPORTATION,Georgia DOT,46500,14 00750002037, , ,,,,,,,,Fulton,,,,0,0 CENTRAL AVE SW,ATLANTA,GA,30312,,,,2 CAPITOL SQ,,ATLANTA,GA,30334,,,,,,,,,46500,0,18600,0,46500,,,,,,,,,,,,,,,,,,,,,,,,,,,,,,,,,,,,,,,,,,,,,,,,,,,,,,,,,,,,,,,,,,,,,,,,,,,,,,,,,,,,,,,,,,,,,,,,SPI-18 SA1,100,SPI-18 SA1 = 100.0%,Special Public Interest,635.75,107.3530766
5074,2,5074,14 007500020215,0 GLENN ST SW,DEPARTMENT OF TRANSPORTATION,Georgia DOT,47300,14 00750002021, , ,,,,,,,,Fulton,,,,0,0 GLENN ST SW,ATLANTA,GA,30312,,,,2 CAPITOL SQ,,ATLANTA,GA,30334,,,,,,,,,47300,0,18920,0,47300,,,,,,,,,,,,,,,,,,,,,,,,,,,,,,,,,,,,,,,,,,,,,,,,,,,,,,,,,,,,,,,,,,,,,,,,,,,,,,,,,,,,,,,,,,,,,,,,SPI-18 SA1,100,SPI-18 SA1 = 100.0%,Special Public Interest,680.4023438,112.1807096
5075,1,5075,14 007500020249,0 GLENN ST SW,DEPARTMENT OF TRANSPORTATION,Georgia DOT,42800,14 00750002024, , ,,,,,,,,Fulton,,,,0,0 GLENN ST SW,ATLANTA,GA,30312,,,,2 CAPITOL SQ,,ATLANTA,GA,30334,,,,,,,,,42800,0,17120,0,42800,,,,,,,,,,,,,,,,,,,,,,,,,,,,,,,,,,,,,,,,,,,,,,,,,,,,,,,,,,,,,,,,,,,,,,,,,,,,,,,,,,,,,,,,,,,,,,,,SPI-18 SA1,100,SPI-18 SA1 = 100.0%,Special Public Interest,538.203125,105.3414871
5076,3,5076,14 007500020298,0 RALPH D ABERNATHY BLVD SW,DEPARTMENT OF TRANSPORTATION,Georgia DOT,44400,14 00750002029, , ,,,,,,,,Fulton,,,,0,0 RALPH D ABERNATHY BLVD SW,ATLANTA,GA,30312,,,,2 CAPITOL SQ,,ATLANTA,GA,30334,,,,,,,,,44400,0,17760,0,44400,,,,,,,,,,,,,,,,,,,,,,,,,,,,,,,,,,,,,,,,,,,,,,,,,,,,,,,,,,,,,,,,,,,,,,,,,,,,,,,,,,,,,,,,,,,,,,,,SPI-18 SA3,100,SPI-18 SA3 = 100.0%,Special Public Interest,555.8828125,118.233465
5077,1,5077,14 007500070681,0 CAPITOL AVE SE,BOARD OF REGENTS OF THE UNIV SYS OF GA,University System of Georgia,1891800,14 00750007068, , ,,,,,,,,Fulton,,,,0,0 CAPITOL AVE SE,ATLANTA,GA,30315,,,,270 WASHINGTON ST SW,,ATLANTA,GA,30334,,,,,,,,,1891800,0,756720,0,1891800,,,,,,,,,,,,,,,,,,,,,,,,,,,,,,,,,,,,,,,,,,,,,,,,,,,,,,,,,,,,,,,,,,,,,,,,,,,,,,,,,,,,,,,,,,,,,,,,MRC-3-C,100,MRC-3-C = 100.0%,Multi-Family Residential,56667.35938,1005.872837
5078,2,5078,14 007500090077,789 PULLIAM ST SW,DEPARTMENT OF TRANSPORTATION,Georgia DOT,65400,14 00750009007, , ,,,,,,,,Fulton,,,,0,789 PULLIAM ST SW,ATLANTA,GA,30315,,,,2 CAPITOL SQ,,ATLANTA,GA,30334,,,,,,,,,42800,22600,17120,9040,42800,,,,,,,,,,,,,,,,,,,,,,,,,,,,,,,,,,,,,,,,,,,,,,,,,,,,,,,,,,,,,,,,,,,,,,,,,,,,,,,,,,,,,,,,,,,,,,,,SPI-18 SA5,100,SPI-18 SA5 = 100.0%,Special Public Interest,337.8984375,80.09344029
5079,1,5079,14 007500090101,0 PULLIAM ST SW,DEPARTMENT OF TRANSPORTATION,Georgia DOT,51900,14 00750009010, , ,,,,,,,,Fulton,,,,0,0 PULLIAM ST SW,ATLANTA,GA,30315,,,,2 CAPITOL SQ,,ATLANTA,GA,30334,,,,,,,,,51900,0,20760,0,51900,,,,,,,,,,,,,,,,,,,,,,,,,,,,,,,,,,,,,,,,,,,,,,,,,,,,,,,,,,,,,,,,,,,,,,,,,,,,,,,,,,,,,,,,,,,,,,,,SPI-18 SA5,100,SPI-18 SA5 = 100.0%,Special Public Interest,1115.148438,153.3985574
5080,2,5080,14 007500090093,799 PULLIAM ST SW,DEPARTMENT OF TRANSPORTATION,Georgia DOT,69900,14 00750009009, , ,,,,,,,,Fulton,,,,0,799 PULLIAM ST SW,ATLANTA,GA,30315,,,,2 CAPITOL SQ,,ATLANTA,GA,30334,,,,,,,,,43600,26300,17440,10520,43600,,,,,,,,,,,,,,,,,,,,,,,,,,,,,,,,,,,,,,,,,,,,,,,,,,,,,,,,,,,,,,,,,,,,,,,,,,,,,,,,,,,,,,,,,,,,,,,,SPI-18 SA5,100,SPI-18 SA5 = 100.0%,Special Public Interest,325.1054688,83.19361059
5081,1,5081,14 0076  LL0043,445 HANK AARON DR SE,BOARD OF REGENTS OF THE UNIVERSITY SYSTEM OF GEORGIA,University System of Georgia,5307600,14 0076  LL004, , ,,,,,,,,Fulton,,,,0,445 HANK AARON DR SE,ATLANTA,GA,30312,,,,270 WASHINGTON ST SW,,ATLANTA,GA,30334,,,,,,,,,3425800,1881800,1370320,752720,3425800,,,,,,,,,,,,,,,,,,,,,,,,,,,,,,,,,,,,,,,,,,,,,,,,,,,,,,,,,,,,,,,,,,,,,,,,,,,,,,,,,,,,,,,,,,,,,,,,MRC-3-C,100,MRC-3-C = 100.0%,Multi-Family Residential,36819.87109,820.3556469
5082,2,5082,14 007500090176,0 PULLIAM ST SW,DEPARTMENT OF TRANSPORTATION,Georgia DOT,45600,14 00750009017, , ,,,,,,,,Fulton,,,,0,0 PULLIAM ST SW,ATLANTA,GA,30315,,,,2 CAPITOL SQ,,ATLANTA,GA,30334,,,,,,,,,45600,0,18240,0,45600,,,,,,,,,,,,,,,,,,,,,,,,,,,,,,,,,,,,,,,,,,,,,,,,,,,,,,,,,,,,,,,,,,,,,,,,,,,,,,,,,,,,,,,,,,,,,,,,C-1-C,100,C-1-C = 100.0%,Commercial,642.2890625,104.2694433
5083,2,5083,14 007500090135,819 PULLIAM ST SW,DEPARTMENT OF TRANSPORTATION,Georgia DOT,9800,14 00750009013, , ,,,,,,,,Fulton,,,,0,819 PULLIAM ST SW,ATLANTA,GA,30315,,,,2 CAPITOL SQ,,ATLANTA,GA,30334,,,,,,,,,4600,5200,1840,2080,4600,,,,,,,,,,,,,,,,,,,,,,,,,,,,,,,,,,,,,,,,,,,,,,,,,,,,,,,,,,,,,,,,,,,,,,,,,,,,,,,,,,,,,,,,,,,,,,,,SPI-18 SA5,100,SPI-18 SA5 = 100.0%,Special Public Interest,1107.347656,152.54979
5084,2,5084,14 007500090739,825 PULLIAM ST SW,DEPARTMENT OF TRANSPORTATION,Georgia DOT,96600,14 00750009073, , ,,,,,,,,Fulton,,,,0,825 PULLIAM ST SW,ATLANTA,GA,30315,,,,2 CAPITOL SQ,,ATLANTA,GA,30334,,,,,,,,,66000,30600,26400,12240,66000,,,,,,,,,,,,,,,,,,,,,,,,,,,,,,,,,,,,,,,,,,,,,,,,,,,,,,,,,,,,,,,,,,,,,,,,,,,,,,,,,,,,,,,,,,,,,,,,SPI-18 SA5,100,SPI-18 SA5 = 100.0%,Special Public Interest,2188.179688,190.4877754
5085,2,5085,14 007500090119,0 PULLIAM ST SW,DEPARTMENT OF TRANSPORTATION,Georgia DOT,51900,14 00750009011, , ,,,,,,,,Fulton,,,,0,0 PULLIAM ST SW,ATLANTA,GA,30315,,,,2 CAPITOL SQ,,ATLANTA,GA,30334,,,,,,,,,51900,0,20760,0,51900,,,,,,,,,,,,,,,,,,,,,,,,,,,,,,,,,,,,,,,,,,,,,,,,,,,,,,,,,,,,,,,,,,,,,,,,,,,,,,,,,,,,,,,,,,,,,,,,SPI-18 SA5,100,SPI-18 SA5 = 100.0%,Special Public Interest,1086.285156,152.1963043
5086,2,5086,14 007500090168,0 PULLIAM ST SW,DEPARTMENT OF TRANSPORTATION,Georgia DOT,47300,14 00750009016, , ,,,,,,,,Fulton,,,,0,0 PULLIAM ST SW,ATLANTA,GA,30315,,,,2 CAPITOL SQ,,ATLANTA,GA,30334,,,,,,,,,47300,0,18920,0,47300,,,,,,,,,,,,,,,,,,,,,,,,,,,,,,,,,,,,,,,,,,,,,,,,,,,,,,,,,,,,,,,,,,,,,,,,,,,,,,,,,,,,,,,,,,,,,,,,C-1-C,100,C-1-C = 100.0%,Commercial,680.1171875,110.2002888
5087,2,5087,14 007500090127,0 PULLIAM ST SW,DEPARTMENT OF TRANSPORTATION,Georgia DOT,51900,14 00750009012, , ,,,,,,,,Fulton,,,,0,0 PULLIAM ST SW,ATLANTA,GA,30315,,,,2 CAPITOL SQ,,ATLANTA,GA,30334,,,,,,,,,51900,0,20760,0,51900,,,,,,,,,,,,,,,,,,,,,,,,,,,,,,,,,,,,,,,,,,,,,,,,,,,,,,,,,,,,,,,,,,,,,,,,,,,,,,,,,,,,,,,,,,,,,,,,SPI-18 SA5,100,SPI-18 SA5 = 100.0%,Special Public Interest,1095.882813,152.3416284
5088,2,5088,14 007600080606,0 CENTRAL AVE SW,DEPARTMENT OF TRANSPORTATION,Georgia DOT,50500,14 00760008060, , ,,,,,,,,Fulton,,,,0,0 CENTRAL AVE SW,ATLANTA,GA,30312,,,,2 CAPITOL SQ STE 2212,,ATLANTA,GA,30334,,,,,,,,,50500,0,20200,0,50500,,,,,,,,,,,,,,,,,,,,,,,,,,,,,,,,,,,,,,,,,,,,,,,,,,,,,,,,,,,,,,,,,,,,,,,,,,,,,,,,,,,,,,,,,,,,,,,,SPI-18 SA2,100,SPI-18 SA2 = 100.0%,Special Public Interest,308.78125,78.89519572
5089,2,5089,14 007600110577,591 PULLIAM ST SW,DEPARTMENT OF TRANSPORTATION,Georgia DOT,73700,14 00760011057, , ,,,,,,,,Fulton,,,,0,591 PULLIAM ST SW,ATLANTA,GA,30312,,,,2 CAPITOL SQ,,ATLANTA,GA,30334,,,,,,,,,48100,25600,19240,10240,48100,,,,,,,,,,,,,,,,,,,,,,,,,,,,,,,,,,,,,,,,,,,,,,,,,,,,,,,,,,,,,,,,,,,,,,,,,,,,,,,,,,,,,,,,,,,,,,,,SPI-18 SA1,100,SPI-18 SA1 = 100.0%,Special Public Interest,754.8554688,122.417118
5090,3,5090,14 007600110221,0 CRUMLEY ST SW,DEPARTMENT OF TRANSPORTATION,Georgia DOT,45800,14 00760011022, , ,,,,,,,,Fulton,,,,0,0 CRUMLEY ST SW,ATLANTA,GA,30312,,,,2 CAPITOL SQ,,ATLANTA,GA,30334,,,,,,,,,45800,0,18320,0,45800,,,,,,,,,,,,,,,,,,,,,,,,,,,,,,,,,,,,,,,,,,,,,,,,,,,,,,,,,,,,,,,,,,,,,,,,,,,,,,,,,,,,,,,,,,,,,,,,SPI-18 SA1,100,SPI-18 SA1 = 100.0%,Special Public Interest,437.1445313,88.65268622
5091,2,5091,14 007600110627,597 PULLIAM ST SW,DEPARTMENT OF TRANSPORTATION,Georgia DOT,69700,14 00760011062, , ,,,,,,,,Fulton,,,,0,597 PULLIAM ST SW,ATLANTA,GA,30312,,,,2 CAPITOL SQ,,ATLANTA,GA,30334,,,,,,,,,48100,21600,19240,8640,48100,,,,,,,,,,,,,,,,,,,,,,,,,,,,,,,,,,,,,,,,,,,,,,,,,,,,,,,,,,,,,,,,,,,,,,,,,,,,,,,,,,,,,,,,,,,,,,,,SPI-18 SA1,100,SPI-18 SA1 = 100.0%,Special Public Interest,790.609375,124.0638918
5092,2,5092,14 007600110296,0 PULLIAM ST SW REAR,DEPARTMENT OF TRANSPORTATION,Georgia DOT,41300,14 00760011029, ,REAR,,,,,,,,Fulton,,,,0,0 PULLIAM ST SW REAR,ATLANTA,GA,30312,,,,2 CAPITOL SQ,,ATLANTA,GA,30334,,,,,,,,,41300,0,16520,0,41300,,,,,,,,,,,,,,,,,,,,,,,,,,,,,,,,,,,,,,,,,,,,,,,,,,,,,,,,,,,,,,,,,,,,,,,,,,,,,,,,,,,,,,,,,,,,,,,,SPI-18 SA1,100,SPI-18 SA1 = 100.0%,Special Public Interest,278.3320313,67.06245902
5093,2,5093,14 007600110213,0 CENTRAL AVE SW,DEPARTMENT OF TRANSPORTATION,Georgia DOT,46900,14 00760011021, , ,,,,,,,,Fulton,,,,0,0 CENTRAL AVE SW,ATLANTA,GA,30312,,,,2 CAPITOL SQ,,ATLANTA,GA,30334,,,,,,,,,46900,0,18760,0,46900,,,,,,,,,,,,,,,,,,,,,,,,,,,,,,,,,,,,,,,,,,,,,,,,,,,,,,,,,,,,,,,,,,,,,,,,,,,,,,,,,,,,,,,,,,,,,,,,SPI-18 SA1,100,SPI-18 SA1 = 100.0%,Special Public Interest,589.1171875,104.3428261
5094,2,5094,14 007600110437,0 CENTRAL AVE SW,DEPARTMENT OF TRANSPORTATION,Georgia DOT,52200,14 00760011043, , ,,,,,,,,Fulton,,,,0,0 CENTRAL AVE SW,ATLANTA,GA,30312,,,,2 CAPITOL SQ,,ATLANTA,GA,30334,,,,,,,,,52200,0,20880,0,52200,,,,,,,,,,,,,,,,,,,,,,,,,,,,,,,,,,,,,,,,,,,,,,,,,,,,,,,,,,,,,,,,,,,,,,,,,,,,,,,,,,,,,,,,,,,,,,,,SPI-18 SA1,100,SPI-18 SA1 = 100.0%,Special Public Interest,742.6328125,130.3587693
5095,1,5095,14 007600110585,0 PULLIAM ST SW,DEPARTMENT OF TRANSPORTATION,Georgia DOT,46800,14 00760011058, , ,,,,,,,,Fulton,,,,0,0 PULLIAM ST SW,ATLANTA,GA,30312,,,,2 CAPITOL SQ,,ATLANTA,GA,30334,,,,,,,,,46800,0,18720,0,46800,,,,,,,,,,,,,,,,,,,,,,,,,,,,,,,,,,,,,,,,,,,,,,,,,,,,,,,,,,,,,,,,,,,,,,,,,,,,,,,,,,,,,,,,,,,,,,,,SPI-18 SA1,100,SPI-18 SA1 = 100.0%,Special Public Interest,714.0117188,121.3555589
5096,3,5096,14 007600110635,587 PULLIAM ST SW,DEPARTMENT OF TRANSPORTATION,Georgia DOT,61600,14 00760011063, , ,,,,,,,,Fulton,,,,0,587 PULLIAM ST SW,ATLANTA,GA,30312,,,,2 CAPITOL SQ,,ATLANTA,GA,30334,,,,,,,,,44300,17300,17720,6920,44300,,,,,,,,,,,,,,,,,,,,,,,,,,,,,,,,,,,,,,,,,,,,,,,,,,,,,,,,,,,,,,,,,,,,,,,,,,,,,,,,,,,,,,,,,,,,,,,,SPI-18 SA1,100,SPI-18 SA1 = 100.0%,Special Public Interest,533.7382813,94.828768
5097,2,5097,14 007600110379,0 CENTRAL AVE SW,DEPARTMENT OF TRANSPORTATION,Georgia DOT,55700,14 00760011037, , ,,,,,,,,Fulton,,,,0,0 CENTRAL AVE SW,ATLANTA,GA,30312,,,,2 CAPITOL SQ,,ATLANTA,GA,30334,,,,,,,,,55700,0,22280,0,55700,,,,,,,,,,,,,,,,,,,,,,,,,,,,,,,,,,,,,,,,,,,,,,,,,,,,,,,,,,,,,,,,,,,,,,,,,,,,,,,,,,,,,,,,,,,,,,,,SPI-18 SA1,100,SPI-18 SA1 = 100.0%,Special Public Interest,926.3476563,137.507013
5098,2,5098,14 007600110601,563 PULLIAM ST SW,DEPARTMENT OF TRANSPORTATION,Georgia DOT,57400,14 00760011060, , ,,,,,,,,Fulton,,,,0,563 PULLIAM ST SW,ATLANTA,GA,30312,,,,2 CAPITOL SQ,,ATLANTA,GA,30334,,,,,,,,,46800,10600,18720,4240,46800,,,,,,,,,,,,,,,,,,,,,,,,,,,,,,,,,,,,,,,,,,,,,,,,,,,,,,,,,,,,,,,,,,,,,,,,,,,,,,,,,,,,,,,,,,,,,,,,SPI-18 SA1,100,SPI-18 SA1 = 100.0%,Special Public Interest,835.65625,126.9467477
5099,2,5099,14 007600110445,0 CENTRAL AVE SW,DEPARTMENT OF TRANSPORTATION,Georgia DOT,51500,14 00760011044, , ,,,,,,,,Fulton,,,,0,0 CENTRAL AVE SW,ATLANTA,GA,30312,,,,2 CAPITOL SQ,,ATLANTA,GA,30334,,,,,,,,,51500,0,20600,0,51500,,,,,,,,,,,,,,,,,,,,,,,,,,,,,,,,,,,,,,,,,,,,,,,,,,,,,,,,,,,,,,,,,,,,,,,,,,,,,,,,,,,,,,,,,,,,,,,,SPI-18 SA1,100,SPI-18 SA1 = 100.0%,Special Public Interest,665.4921875,134.6397264
5100,2,5100,14 007600110643,601 PULLIAM ST SW,DEPARTMENT OF TRANSPORTATION,Georgia DOT,65500,14 00760011064, , ,,,,,,,,Fulton,,,,0,601 PULLIAM ST SW,ATLANTA,GA,30312,,,,2 CAPITOL SQ,,ATLANTA,GA,30334,,,,,,,,,48300,17200,19320,6880,48300,,,,,,,,,,,,,,,,,,,,,,,,,,,,,,,,,,,,,,,,,,,,,,,,,,,,,,,,,,,,,,,,,,,,,,,,,,,,,,,,,,,,,,,,,,,,,,,,SPI-18 SA1,100,SPI-18 SA1 = 100.0%,Special Public Interest,740.7304688,121.9259367
5101,2,5101,14 007600110429,0 CENTRAL AVE SW,DEPARTMENT OF TRANSPORTATION,Georgia DOT,52200,14 00760011042, , ,,,,,,,,Fulton,,,,0,0 CENTRAL AVE SW,ATLANTA,GA,30312,,,,2 CAPITOL SQ,,ATLANTA,GA,30334,,,,,,,,,52200,0,20880,0,52200,,,,,,,,,,,,,,,,,,,,,,,,,,,,,,,,,,,,,,,,,,,,,,,,,,,,,,,,,,,,,,,,,,,,,,,,,,,,,,,,,,,,,,,,,,,,,,,,SPI-18 SA1,100,SPI-18 SA1 = 100.0%,Special Public Interest,742.4335938,130.3312695
5102,8,5102,14 0089  LL0295,0 METROPOLITAN PKWY SW,STATE OF GEORGIA,State of Georgia,21314000,14 0089  LL029, , ,,,,,,,,Fulton,,,,0,0 METROPOLITAN PKWY SW,ATLANTA,GA,30315,,,,270 WASHINGTON ST,,ATLANTA,GA,30334,,,,,,,,,9187900,12126100,3675160,4850440,9187900,,,,,,,,,,,,,,,,,,,,,,,,,,,,,,,,,,,,,,,,,,,,,,,,,,,,,,,,,,,,,,,,,,,,,,,,,,,,,,,,,,,,,,,,,,,,,,,,O-I,100,O-I = 100.0%,Office-Institutional,229749.8789,2241.469674
5103,1,5103,14 008900030267,360 DECKNER AVE SW,DEPARTMENT OF TRANSPORTATION,Georgia DOT,34100,14 00890003026, , ,,,,,,,,Fulton,,,,2,360 DECKNER AVE SW,ATLANTA,GA,30310,,,,2 CAPITOL SQ,,ATLANTA,GA,30334,,,,,,,,,11500,22600,4600,9040,11500,,,,,,,,,,,,,,,,,,,,,,,,,,,,,,,,,,,,,,,,,,,,,,,,,,,,,,,,,,,,,,,,,,,,,,,,,,,,,,,,,,,,,,,,,,,,,,,,R-4,100,R-4 = 100.0%,Single Family Residential,1125.746094,162.5989613
5104,2,5104,14 009000060295,2005 HARDEN RD SW,DEPARTMENT OF TRANSPORTATION,Georgia DOT,57800,14 00900006029, , ,,,,,,,,Fulton,,,,2,2005 HARDEN RD SW,ATLANTA,GA,30315,,,,2 CAPITOL SQ,,ATLANTA,GA,30334,,,,,,,,,41000,16800,16400,6720,41000,,,,,,,,,,,,,,,,,,,,,,,,,,,,,,,,,,,,,,,,,,,,,,,,,,,,,,,,,,,,,,,,,,,,,,,,,,,,,,,,,,,,,,,,,,,,,,,,R-4,100,R-4 = 100.0%,Single Family Residential,2426.386719,205.5994091
5105,2,5105,14 009000030421,0 CHESHIRE AVE SW,DEPARTMENT OF TRANSPORTATION,Georgia DOT,84600,14 00900003042, , ,,,,,,,,Fulton,,,,2,0 CHESHIRE AVE SW,ATLANTA,GA,30315,,,,2 CAPITOL SQ,,ATLANTA,GA,30334,,,,,,,,,84600,0,33840,0,84600,,,,,,,,,,,,,,,,,,,,,,,,,,,,,,,,,,,,,,,,,,,,,,,,,,,,,,,,,,,,,,,,,,,,,,,,,,,,,,,,,,,,,,,,,,,,,,,,RG-3,100,"R-4B = 0.0%,RG-3 = 100.0%",Single Family Residential,2872.925781,232.4061797
5106,1,5106,14 009000030454,532 SAINT JOHNS AVE SW,DEPARTMENT OF TRANSPORTATION,Georgia DOT,112000,14 00900003045, , ,,,,,,,,Fulton,,,,0,532 SAINT JOHNS AVE SW,ATLANTA,GA,30315,,,,2 CAPITOL SQ,,ATLANTA,GA,30334,,,,,,,,,60500,51500,24200,20600,60500,,,,,,,,,,,,,,,,,,,,,,,,,,,,,,,,,,,,,,,,,,,,,,,,,,,,,,,,,,,,,,,,,,,,,,,,,,,,,,,,,,,,,,,,,,,,,,,,R-4A,100,R-4A = 100.0%,Single Family Residential,1055.367188,156.392179
5107,1,5107,14 009000060907,2555 LAKEWOOD AVE SW,DEPARTMENT OF TRANSPORTATION,Georgia DOT,46800,14 00900006090, , ,,,,,,,,Fulton,,,,2,2555 LAKEWOOD AVE SW,ATLANTA,GA,30315,,,,2 CAPITOL SQ,,ATLANTA,GA,30334,,,,,,,,,30000,16800,12000,6720,30000,,,,,,,,,,,,,,,,,,,,,,,,,,,,,,,,,,,,,,,,,,,,,,,,,,,,,,,,,,,,,,,,,,,,,,,,,,,,,,,,,,,,,,,,,,,,,,,,R-4,100,R-4 = 100.0%,Single Family Residential,708.515625,106.0438984
5108,4,5108,14 009000062044,0 REYNOLDS DR SW,DEPARTMENT OF TRANSPORTATION,Georgia DOT,27200,14 00900006204, , ,,,,,,,,Fulton,,,,2,0 REYNOLDS DR SW,ATLANTA,GA,30315,,,,2 CAPITOL SQ,,ATLANTA,GA,30334,,,,,,,,,27200,0,10880,0,27200,,,,,,,,,,,,,,,,,,,,,,,,,,,,,,,,,,,,,,,,,,,,,,,,,,,,,,,,,,,,,,,,,,,,,,,,,,,,,,,,,,,,,,,,,,,,,,,,R-4,100,R-4 = 100.0%,Single Family Residential,509.515625,96.86467279
5109,4,5109,14 009000061970,0 REYNOLDS DR SW,DEPARTMENT OF TRANSPORTATION,Georgia DOT,29100,14 00900006197, , ,,,,,,,,Fulton,,,,2,0 REYNOLDS DR SW,ATLANTA,GA,30315,,,,2 CAPITOL SQ,,ATLANTA,GA,30334,,,,,,,,,29100,0,11640,0,29100,,,,,,,,,,,,,,,,,,,,,,,,,,,,,,,,,,,,,,,,,,,,,,,,,,,,,,,,,,,,,,,,,,,,,,,,,,,,,,,,,,,,,,,,,,,,,,,,R-4,100,R-4 = 100.0%,Single Family Residential,1987.492188,186.3162478
5110,1,5110,14 009000061954,0 SAINT JOHNS AVE SW,DEPARTMENT OF TRANSPORTATION,Georgia DOT,27900,14 00900006195, , ,,,,,,,,Fulton,,,,2,0 SAINT JOHNS AVE SW,ATLANTA,GA,30315,,,,2 CAPITOL SQ,,ATLANTA,GA,30334,,,,,,,,,27900,0,11160,0,27900,,,,,,,,,,,,,,,,,,,,,,,,,,,,,,,,,,,,,,,,,,,,,,,,,,,,,,,,,,,,,,,,,,,,,,,,,,,,,,,,,,,,,,,,,,,,,,,,R-4,100,R-4 = 100.0%,Single Family Residential,711.8554688,152.4703239
5111,2,5111,14 009000062218,0 HARDEN RD SW,DEPARTMENT OF TRANSPORTATION,Georgia DOT,28800,14 00900006221, , ,,,,,,,,Fulton,,,,2,0 HARDEN RD SW,ATLANTA,GA,30315,,,,2 CAPITOL SQ,,ATLANTA,GA,30334,,,,,,,,,28800,0,11520,0,28800,,,,,,,,,,,,,,,,,,,,,,,,,,,,,,,,,,,,,,,,,,,,,,,,,,,,,,,,,,,,,,,,,,,,,,,,,,,,,,,,,,,,,,,,,,,,,,,,R-4,100,R-4 = 100.0%,Single Family Residential,642.015625,103.7581437
5112,2,5112,14 009000062036,0 HARDEN RD SW # REAR,DEPARTMENT OF TRANSPORTATION,Georgia DOT,25700,14 00900006203,#,REAR,,,,,,,,Fulton,,,,2,0 HARDEN RD SW # REAR,ATLANTA,GA,30315,,,,2 CAPITOL SQ,,ATLANTA,GA,30334,,,,,,,,,25700,0,10280,0,25700,,,,,,,,,,,,,,,,,,,,,,,,,,,,,,,,,,,,,,,,,,,,,,,,,,,,,,,,,,,,,,,,,,,,,,,,,,,,,,,,,,,,,,,,,,,,,,,,R-4,100,R-4 = 100.0%,Single Family Residential,231.3164063,84.13144856
5113,1,5113,14 009000062051,0 REYNOLDS DR SW,DEPARTMENT OF TRANSPORTATION,Georgia DOT,31000,14 00900006205, , ,,,,,,,,Fulton,,,,2,0 REYNOLDS DR SW,ATLANTA,GA,30315,,,,2 CAPITOL SQ,,ATLANTA,GA,30334,,,,,,,,,31000,0,12400,0,31000,,,,,,,,,,,,,,,,,,,,,,,,,,,,,,,,,,,,,,,,,,,,,,,,,,,,,,,,,,,,,,,,,,,,,,,,,,,,,,,,,,,,,,,,,,,,,,,,R-4,100,R-4 = 100.0%,Single Family Residential,1219.84375,189.2876949
5114,2,5114,14 009000061921,2019 HARDEN RD SW,DEPARTMENT OF TRANSPORTATION,Georgia DOT,48800,14 00900006192, , ,,,,,,,,Fulton,,,,2,2019 HARDEN RD SW,ATLANTA,GA,30315,,,,2 CAPITOL SQ,,ATLANTA,GA,30334,,,,,,,,,36100,12700,14440,5080,36100,,,,,,,,,,,,,,,,,,,,,,,,,,,,,,,,,,,,,,,,,,,,,,,,,,,,,,,,,,,,,,,,,,,,,,,,,,,,,,,,,,,,,,,,,,,,,,,,R-4,100,R-4 = 100.0%,Single Family Residential,1891.503906,172.4309502
5115,2,5115,14 009000061939,0 HARDEN RD SW,DEPARTMENT OF TRANSPORTATION,Georgia DOT,26100,14 00900006193, , ,,,,,,,,Fulton,,,,2,0 HARDEN RD SW,ATLANTA,GA,30315,,,,2 CAPITOL SQ,,ATLANTA,GA,30334,,,,,,,,,26100,0,10440,0,26100,,,,,,,,,,,,,,,,,,,,,,,,,,,,,,,,,,,,,,,,,,,,,,,,,,,,,,,,,,,,,,,,,,,,,,,,,,,,,,,,,,,,,,,,,,,,,,,,R-4,100,R-4 = 100.0%,Single Family Residential,283.6601563,70.37427964
5116,3,5116,14 009000062028,2060 HARDEN RD SW,DEPARTMENT OF TRANSPORTATION,Georgia DOT,51500,14 00900006202, , ,,,,,,,,Fulton,,,,2,2060 HARDEN RD SW,ATLANTA,GA,30315,,,,2 CAPITOL SQ,,ATLANTA,GA,30334,,,,,,,,,33100,18400,13240,7360,33100,,,,,,,,,,,,,,,,,,,,,,,,,,,,,,,,,,,,,,,,,,,,,,,,,,,,,,,,,,,,,,,,,,,,,,,,,,,,,,,,,,,,,,,,,,,,,,,,R-4,100,R-4 = 100.0%,Single Family Residential,1371.570313,167.8951756
5117,1,5117,14 0091  LL0465,0 SOUTH EXPRESSWAY,DEPARTMENT OF TRANSPORTATION,Georgia DOT,100700,14 0091  LL046, , ,,,,,,,,Fulton,,,,0,0 SOUTH EXPRESSWAY,ATLANTA,GA,30315,,,,2 CAPITOL SQ,,ATLANTA,GA,30334,,,,,,,,,100700,0,40280,0,100700,,,,,,,,,,,,,,,,,,,,,,,,,,,,,,,,,,,,,,,,,,,,,,,,,,,,,,,,,,,,,,,,,,,,,,,,,,,,,,,,,,,,,,,,,,,,,,,,C-2,100,C-2 = 100.0%,Commercial,735.6445313,134.4430976
5118,2,5118,14 009100050576,0 REYNOLDS DR SW,DEPARTMENT OF TRANSPORTATION,Georgia DOT,32600,14 00910005057, , ,,,,,,,,Fulton,,,,2,0 REYNOLDS DR SW,ATLANTA,GA,30315,,,,2 CAPITOL SQ,,ATLANTA,GA,30334,,,,,,,,,32600,0,13040,0,32600,,,,,,,,,,,,,,,,,,,,,,,,,,,,,,,,,,,,,,,,,,,,,,,,,,,,,,,,,,,,,,,,,,,,,,,,,,,,,,,,,,,,,,,,,,,,,,,,C-1,100,C-1 = 100.0%,Commercial,587.1484375,108.6160149
5119,2,5119,14 009100061045,0 EXPRESSWAY SW,DEPARTMENT OF TRANSPORTATION,Georgia DOT,16700,14 00910006104, , ,,,,,,,,Fulton,,,,2,0 EXPRESSWAY SW,ATLANTA,GA,30315,,,,2 CAPITOL SQ,,ATLANTA,GA,30334,,,,,,,,,16700,0,6680,0,16700,,,,,,,,,,,,,,,,,,,,,,,,,,,,,,,,,,,,,,,,,,,,,,,,,,,,,,,,,,,,,,,,,,,,,,,,,,,,,,,,,,,,,,,,,,,,,,,,C-2,100,C-2 = 100.0%,Commercial,2906.632813,455.9776269
5120,1,5120,14 009200020701,0 CLEVELAND CIR SW REAR,DEPARTMENT OF TRANSPORTATION,Georgia DOT,12800,14 00920002070, ,REAR,,,,,,,,Fulton,,,,2,0 CLEVELAND CIR SW REAR,ATLANTA,GA,30315,,,,2 CAPITOL SQ,,ATLANTA,GA,30334,,,,,,,,,12800,0,5120,0,12800,,,,,,,,,,,,,,,,,,,,,,,,,,,,,,,,,,,,,,,,,,,,,,,,,,,,,,,,,,,,,,,,,,,,,,,,,,,,,,,,,,,,,,,,,,,,,,,,R-4,100,R-4 = 100.0%,Single Family Residential,1280.105469,195.8314765
5121,1,5121,14 009200020735,0 CLEVELAND CIR SW REAR,DEPARTMENT OF TRANSPORTATION,Georgia DOT,13000,14 00920002073, ,REAR,,,,,,,,Fulton,,,,2,0 CLEVELAND CIR SW REAR,ATLANTA,GA,30315,,,,2 CAPITOL SQ,,ATLANTA,GA,30334,,,,,,,,,13000,0,5200,0,13000,,,,,,,,,,,,,,,,,,,,,,,,,,,,,,,,,,,,,,,,,,,,,,,,,,,,,,,,,,,,,,,,,,,,,,,,,,,,,,,,,,,,,,,,,,,,,,,,R-4,100,R-4 = 100.0%,Single Family Residential,702.78125,121.820816
5122,4,5122,14 009200020834,0 CLEVELAND CIR SW REAR,DEPARTMENT OF TRANSPORTATION,Georgia DOT,13300,14 00920002083, , ,,,,,,,,Fulton,,,,2,0 CLEVELAND CIR SW,ATLANTA,GA,30315,,,,2 CAPITOL SQ,,ATLANTA,GA,30334,,,,,,,,,13300,0,5320,0,13300,,,,,,,,,,,,,,,,,,,,,,,,,,,,,,,,,,,,,,,,,,,,,,,,,,,,,,,,,,,,,,,,,,,,,,,,,,,,,,,,,,,,,,,,,,,,,,,,R-4,100,R-4 = 100.0%,Single Family Residential,1161.453125,274.7908755
5123,0,5123,14 009200030486,0 CLEVELAND CIR SW REAR,DEPARTMENT OF TRANSPORTATION,Georgia DOT,29000,14 00920003048,#,REAR,,,,,,,,Fulton,,,,0,0 CLEVELAND CIR SW # REAR,ATLANTA,GA,30315,,,,2 CAPITOL SQ,,ATLANTA,GA,30334,,,,,,,,,29000,0,11600,0,29000,,,,,,,,,,,,,,,,,,,,,,,,,,,,,,,,,,,,,,,,,,,,,,,,,,,,,,,,,,,,,,,,,,,,,,,,,,,,,,,,,,,,,,,,,,,,,,,,,,,,483.2773438,155.9179443
5124,2,5124,14 009200020867,0 POMONA CIR SW,DEPARTMENT OF TRANSPORTATION,Georgia DOT,34200,14 00920002086, , ,,,,,,,,Fulton,,,,0,0 POMONA CIR SW,ATLANTA,GA,30315,,,,2 CAPITOL SQ,,ATLANTA,GA,30334,,,,,,,,,34200,0,13680,0,34200,,,,,,,,,,,,,,,,,,,,,,,,,,,,,,,,,,,,,,,,,,,,,,,,,,,,,,,,,,,,,,,,,,,,,,,,,,,,,,,,,,,,,,,,,,,,,,,,R-4,100,R-4 = 100.0%,Single Family Residential,11700.83984,564.5040892
5125,2,5125,14 009200030502,0 CONNELL AVE SW,DEPARTMENT OF TRANSPORTATION,Georgia DOT,32600,14 00920003050, , ,,,,,,,,Fulton,,,,0,0 CONNELL AVE SW,ATLANTA,GA,30315,,,,2 CAPITOL SQ,,ATLANTA,GA,30334,,,,,,,,,32600,0,13040,0,32600,,,,,,,,,,,,,,,,,,,,,,,,,,,,,,,,,,,,,,,,,,,,,,,,,,,,,,,,,,,,,,,,,,,,,,,,,,,,,,,,,,,,,,,,,,,,,,,,R-4,100,R-4 = 100.0%,Single Family Residential,430.6875,359.9594781
5126,1,5126,14 009200020909,0 FORREST HILLS DR SW,DEPARTMENT OF TRANSPORTATION,Georgia DOT,43700,14 00920002090, , ,,,,,,,,Fulton,,,,0,0 FORREST HILLS DR SW,ATLANTA,GA,30315,,,,2 CAPITOL SQ SW,,ATLANTA,GA,30334,,,,,,,,,43700,0,17480,0,43700,,,,,,,,,,,,,,,,,,,,,,,,,,,,,,,,,,,,,,,,,,,,,,,,,,,,,,,,,,,,,,,,,,,,,,,,,,,,,,,,,,,,,,,,,,,,,,,,C-1,100,C-1 = 100.0%,Commercial,8073.480469,441.3959064
5127,2,5127,14 009300021377,2731 FORREST HILLS DR SW,DEPARTMENT OF TRANSPORTATION,Georgia DOT,342500,14 00930002137, , ,,,,,,,,Fulton,,,,0,2731 FORREST HILLS DR SW,ATLANTA,GA,30315,,,,2 CAPITOL SQ,,ATLANTA,GA,30334,,,,,,,,,15500,327000,6200,130800,15500,,,,,,,,,,,,,,,,,,,,,,,,,,,,,,,,,,,,,,,,,,,,,,,,,,,,,,,,,,,,,,,,,,,,,,,,,,,,,,,,,,,,,,,,,,,,,,,,R-4,100,R-4 = 100.0%,Single Family Residential,5055.726563,304.4746332
5128,1,5128,14 009300021054,334 CLEVELAND AVE SW,DEPARTMENT OF TRANSPORTATION,Georgia DOT,50800,14 00930002105, , ,,,,,,,,Fulton,,,,0,334 CLEVELAND AVE SW,ATLANTA,GA,30315,,,,2 CAPITOL SQ,,ATLANTA,GA,30334,,,,,,,,,3700,47100,1480,18840,3700,,,,,,,,,,,,,,,,,,,,,,,,,,,,,,,,,,,,,,,,,,,,,,,,,,,,,,,,,,,,,,,,,,,,,,,,,,,,,,,,,,,,,,,,,,,,,,,,C-1,100,C-1 = 100.0%,Commercial,1017.949219,129.7469827
5129,3,5129,14 010600090104,1089 ALLENE AVE SW,GEORGIA BUILDING AUTHORITY,Georgia Building Authority,331200,14 01060009010, , ,,,,,,,,Fulton,,,,0,1089 ALLENE AVE SW,ATLANTA,GA,30310,,,,1 MARTIN LUTHER KING JR DR SW,,ATLANTA,GA,30334,,,,,,,,,261500,69700,104600,27880,261500,,,,,,,,,,,,,,,,,,,,,,,,,,,,,,,,,,,,,,,,,,,,,,,,,,,,,,,,,,,,,,,,,,,,,,,,,,,,,,,,,,,,,,,,,,,,,,,,I-1-C,100,I-1-C = 100.0%,Industrial,7141.753906,428.0715293
5130,3,5130,14 010600090096,1078 BIGLIN ST SW,GEORGIA BUILDING AUTHORITY,Georgia Building Authority,241800,14 01060009009, , ,,,,,,,,Fulton,,,,0,1078 BIGLIN ST SW,ATLANTA,GA,30310,,,,1 MARTIN LUTHER KING JR DR SW,,ATLANTA,GA,30334,,,,,,,,,158400,83400,63360,33360,158400,,,,,,,,,,,,,,,,,,,,,,,,,,,,,,,,,,,,,,,,,,,,,,,,,,,,,,,,,,,,,,,,,,,,,,,,,,,,,,,,,,,,,,,,,,,,,,,,I-1-C,100,I-1-C = 100.0%,Industrial,4921.394531,300.4788756
5131,2,5131,14 012200010706,3115 LAKEWOOD AVE SW,DEPARTMENT OF TRANSPORTATION,Georgia DOT,83400,14 01220001070, , ,,,,,,,,Fulton,,,,0,3115 LAKEWOOD AVE SW,ATLANTA,GA,30310,,,,2 CAPITOL SQ,,ATLANTA,GA,30334,,,,,,,,,66700,16700,26680,6680,66700,,,,,,,,,,,,,,,,,,,,,,,,,,,,,,,,,,,,,,,,,,,,,,,,,,,,,,,,,,,,,,,,,,,,,,,,,,,,,,,,,,,,,,,,,,,,,,,,I-1,100,I-1 = 100.0%,Industrial,1429.636719,154.8092207
5132,2,5132,14 007500060666,0 WASHINGTON ST SW,DEPARTMENT OF TRANSPORTATION,Georgia DOT,51800,14 00750006066, , ,,,,,,,,Fulton,,,,0,0 WASHINGTON ST SW,ATLANTA,GA,30315,,,,2 CAPITOL SQ,,ATLANTA,GA,30334,,,,,,,,,51800,0,20720,0,51800,,,,,,,,,,,,,,,,,,,,,,,,,,,,,,,,,,,,,,,,,,,,,,,,,,,,,,,,,,,,,,,,,,,,,,,,,,,,,,,,,,,,,,,,,,,,,,,,MRC-3-C,100,MRC-3-C = 100.0%,Multi-Family Residential,2909.058594,214.3303801
5133,2,5133,14 007500090028,0 DODD AVE SW,DEPARTMENT OF TRANSPORTATION,Georgia DOT,44000,14 00750009002, , ,,,,,,,,Fulton,,,,0,0 DODD AVE SW,ATLANTA,GA,30315,,,,2 CAPITOL SQ,,ATLANTA,GA,30334,,,,,,,,,44000,0,17600,0,44000,,,,,,,,,,,,,,,,,,,,,,,,,,,,,,,,,,,,,,,,,,,,,,,,,,,,,,,,,,,,,,,,,,,,,,,,,,,,,,,,,,,,,,,,,,,,,,,,SPI-18 SA5,100,SPI-18 SA5 = 100.0%,Special Public Interest,343.71875,75.51955777
5134,2,5134,14 007500090010,0 PRYOR ST SW,DEPARTMENT OF TRANSPORTATION,Georgia DOT,49300,14 00750009001, , ,,,,,,,,Fulton,,,,0,0 PRYOR ST SW,ATLANTA,GA,30315,,,,2 CAPITOL SQ,,ATLANTA,GA,30334,,,,,,,,,49300,0,19720,0,49300,,,,,,,,,,,,,,,,,,,,,,,,,,,,,,,,,,,,,,,,,,,,,,,,,,,,,,,,,,,,,,,,,,,,,,,,,,,,,,,,,,,,,,,,,,,,,,,,SPI-18 SA5,100,SPI-18 SA5 = 100.0%,Special Public Interest,815.046875,117.4270133
5135,1,5135,14 007500090309,0 PRYOR ST SW,DEPARTMENT OF TRANSPORTATION,Georgia DOT,49300,14 00750009030, , ,,,,,,,,Fulton,,,,0,0 PRYOR ST SW,ATLANTA,GA,30315,,,,2 CAPITOL SQ,,ATLANTA,GA,30334,,,,,,,,,49300,0,19720,0,49300,,,,,,,,,,,,,,,,,,,,,,,,,,,,,,,,,,,,,,,,,,,,,,,,,,,,,,,,,,,,,,,,,,,,,,,,,,,,,,,,,,,,,,,,,,,,,,,,SPI-18 SA5,100,SPI-18 SA5 = 100.0%,Special Public Interest,763.046875,159.3828545
5136,3,5136,14 000700090492,2089 MORELAND AVE SE,DEPARTMENT OF TRANSPORTATION,Georgia DOT,33700,14 00070009049, , ,,,,,,,,Fulton,,,,0,2089 MORELAND AVE SE,ATLANTA,GA,30315,,,,2 CAPITOL SQ,,ATLANTA,GA,30334,,,,,,,,,24900,8800,9960,3520,24900,,,,,,,,,,,,,,,,,,,,,,,,,,,,,,,,,,,,,,,,,,,,,,,,,,,,,,,,,,,,,,,,,,,,,,,,,,,,,,,,,,,,,,,,,,,,,,,,R-4,100,R-4 = 100.0%,Single Family Residential,2834.226563,221.9997365
5137,8,5137,14 008200060121,0 JOHN ST,STATE OF GEORGIA,State of Georgia,4909500,14 00820006012, , ,,,,,,,,Fulton,,,,0,0 JOHN ST,ATLANTA,GA,30318,,,,270 WASHINGTON ST SW,,ATLANTA,GA,30334,,,,,,,,,4606500,303000,1842600,121200,4606500,,,,,,,,,,,,,,,,,,,,,,,,,,,,,,,,,,,,,,,,,,,,,,,,,,,,,,,,,,,,,,,,,,,,,,,,,,,,,,,,,,,,,,,,,,,,,,,,RG-3,82,"I-2 = 18.0%,RG-3 = 82.0%",Single Family Residential,55195.95703,984.3627475
5138,4,5138,14 004600102563,0 IRWIN ST NE,BOARD OF REGENTS OF THE UNIVERSITY SYSTEM OF GEORGIA,University System of Georgia,1665800,14 00460010256, , ,,,,,,,,Fulton,,,,0,0 IRWIN ST NE,ATLANTA,GA,30312,,,,270 WASHINGTON ST SW,,EAST POINT,GA,30344,,,,,,,,,1665800,0,666320,0,1665800,,,,,,,,,,,,,,,,,,,,,,,,,,,,,,,,,,,,,,,,,,,,,,,,,,,,,,,,,,,,,,,,,,,,,,,,,,,,,,,,,,,,,,,,,,,,,,,,RG-4,100,RG-4 = 100.0%,Single Family Residential,14596.66797,826.4798145
5139,3,5139,14 004600102571,0 FORT ST NE,BOARD OF REGENTS OF THE UNIVERSITY SYSTEM OF GEORGIA,University System of Georgia,475500,14 00460010257, , ,,,,,,,,Fulton,,,,102,0 FORT ST NE,ATLANTA,GA,30312,,,,270 WASHINGTON ST SW,,ATLANTA,GA,30334,,,,,,,,,475500,0,190200,0,475500,,,,,,,,,,,,,,,,,,,,,,,,,,,,,,,,,,,,,,,,,,,,,,,,,,,,,,,,,,,,,,,,,,,,,,,,,,,,,,,,,,,,,,,,,,,,,,,,RG-4,100,RG-4 = 100.0%,Single Family Residential,4091.953125,317.3321491
5140,2,5140,14 0078  LL0132,0 MAGNOLIA ST NW,STATE OF GEORGIA,State of Georgia,962500,14 0078  LL013, , ,,,,,,,,Fulton,,,,0,0 MAGNOLIA ST NW,ATLANTA,GA,30303,,,,270 WASHINGTON ST SW,,ATLANTA,GA,30334,,,,,,,,,962500,0,385000,0,962500,,,,,,,,,,,,,,,,,,,,,,,,,,,,,,,,,,,,,,,,,,,,,,,,,,,,,,,,,,,,,,,,,,,,,,,,,,,,,,,,,,,,,,,,,,,,,,,,SPI-1 SA1,100,SPI-1 SA1 = 100.0%,Special Public Interest,136.3242188,46.85091543
5141,5,5141,14 0078  LL0124,0 MAGNOLIA ST SW,STATE OF GEORGIA,State of Georgia,1321400,14 0078  LL012, , ,,,,,,,,Fulton,,,,0,0 MAGNOLIA ST SW,ATLANTA,GA,30303,,,,270 WASHINGTON ST SW,,ATLANTA,GA,30334,,,,,,,,,1321400,0,528560,0,1321400,,,,,,,,,,,,,,,,,,,,,,,,,,,,,,,,,,,,,,,,,,,,,,,,,,,,,,,,,,,,,,,,,,,,,,,,,,,,,,,,,,,,,,,,,,,,,,,,SPI-1 SA5,47,"SPI-1 SA1 = 53.0%,SPI-1 SA5 = 47.0%",Special Public Interest,4946.648438,480.4272135
5142,1,5142,14 008300090085,103 MANGUM ST NW,STATE OF GEORGIA,State of Georgia,13640200,14 00830009008, , ,,,,,,,,Fulton,,,,0,103 MANGUM ST NW,ATLANTA,GA,30313,,,,270 WASHINGTON ST SW,,ATLANTA,GA,30334,,,,,,,,,1050700,12589500,420280,5035800,1050700,,,,,,,,,,,,,,,,,,,,,,,,,,,,,,,,,,,,,,,,,,,,,,,,,,,,,,,,,,,,,,,,,,,,,,,,,,,,,,,,,,,,,,,,,,,,,,,,SPI-1 SA1,100,SPI-1 SA1 = 100.0%,Special Public Interest,21422.71094,579.2094612
5143,1,5143,14 008300090424,0 INTERNATIONAL BLVD,STATE OF GEORGIA,State of Georgia,948000000,14 00830009042, , ,,,,,,,,Fulton,,,,0,0 INTERNATIONAL BLVD,ATLANTA,GA,30313,,,,270 WASHINGTON ST SW,,ATLANTA,GA,30334,,,,,,,,,0,948000000,0,379200000,0,,,,,,,,,,,,,,,,,,,,,,,,,,,,,,,,,,,,,,,,,,,,,,,,,,,,,,,,,,,,,,,,,,,,,,,,,,,,,,,,,,,,,,,,,,,,,,,,SPI-1 SA1,100,SPI-1 SA1 = 100.0%,Special Public Interest,3363.832031,231.9948979
5144,2,5144,14 007400090748,0 BOYKIN ST SW,DEPARTMENT OF TRANSPORTATION,Georgia DOT,28600,14 00740009074, , ,,,,,,,,Fulton,,,,0,0 BOYKIN ST SW,ATLANTA,GA,30315,,,,2 CAPITOL SQ,,ATLANTA,GA,30334,,,,,,,,,28600,0,11440,0,28600,,,,,,,,,,,,,,,,,,,,,,,,,,,,,,,,,,,,,,,,,,,,,,,,,,,,,,,,,,,,,,,,,,,,,,,,,,,,,,,,,,,,,,,,,,,,,,,,I-1,100,I-1 = 100.0%,Industrial,66.46484375,39.70297218
5145,3,5145,14 007600021238,0 PULLIAM ST SW,STATE OF GEORGIA,State of Georgia,6500,14 00760002123, , ,,,,,,,,Fulton,,,,0,0 PULLIAM ST SW,ATLANTA,GA,30303,,,,270 WASHINGTON ST SW,,ATLANTA,GA,30334,,,,,,,,,6500,0,2600,0,6500,,,,,,,,,,,,,,,,,,,,,,,,,,,,,,,,,,,,,,,,,,,,,,,,,,,,,,,,,,,,,,,,,,,,,,,,,,,,,,,,,,,,,,,,,,,,,,,,SPI-1 SA1,100,SPI-1 SA1 = 100.0%,Special Public Interest,284.8046875,133.3557175
5146,1,5146,14 007600110619,579 PULLIAM ST SW,DEPARTMENT OF TRANSPORTATION,Georgia DOT,57700,14 00760011061, , ,,,,,,,,Fulton,,,,0,579 PULLIAM ST SW,ATLANTA,GA,30312,,,,2 CAPITOL SQ,,ATLANTA,GA,30334,,,,,,,,,47000,10700,18800,4280,47000,,,,,,,,,,,,,,,,,,,,,,,,,,,,,,,,,,,,,,,,,,,,,,,,,,,,,,,,,,,,,,,,,,,,,,,,,,,,,,,,,,,,,,,,,,,,,,,,SPI-18 SA1,100,SPI-18 SA1 = 100.0%,Special Public Interest,714.0117188,121.3550648
5147,4,5147,14 007800110534,0 MARIETTA ST NW,REGENTS UNIV SYSTEM OF GA,University System of Georgia,291400,14 00780011053, , ,,,,,,,,Fulton,,,,0,0 MARIETTA ST NW,ATLANTA,GA,30303,,,,244 WASHINGTON ST W # COR M,,ATLANTA,GA,30334,,,,,,,,,291400,0,116560,0,291400,,,,,,,,,,,,,,,,,,,,,,,,,,,,,,,,,,,,,,,,,,,,,,,,,,,,,,,,,,,,,,,,,,,,,,,,,,,,,,,,,,,,,,,,,,,,,,,,SPI-1 SA7,100,SPI-1 SA7 = 100.0%,Special Public Interest,657.0664063,148.0098248
5148,2,5148,17 014900090510,0 EIGHTH ST NW,REGENTS UNIV SYSTEM OF GA,University System of Georgia,175300,17 01490009051, , ,,,,,,,,Fulton,,,,0,0 EIGHTH ST NW,ATLANTA,GA,30318,,,,270 WASHINGTON ST SW,,ATLANTA,GA,30334,,,,,,,,,175300,0,70120,0,175300,,,,,,,,,,,,,,,,,,,,,,,,,,,,,,,,,,,,,,,,,,,,,,,,,,,,,,,,,,,,,,,,,,,,,,,,,,,,,,,,,,,,,,,,,,,,,,,,O-I,100,O-I = 100.0%,Office-Institutional,465.0429688,119.8968209
5149,2,5149,14 005200050557,161 JESSE HILL JR DR NE,BOARD OF REGENTS OF THE UNIVERSITY SYSTEM OF GEORGIA,University System of Georgia,11575300,14 00520005055, , ,,,,,,,,Fulton,,,,0,161 JESSE HILL JR DR NE,ATLANTA,GA,30303,,,,270 WASHINGTON ST SW,,ATLANTA,GA,30334,,,,,,,,,11575300,0,4630120,0,11575300,,,,,,,,,,,,,,,,,,,,,,,,,,,,,,,,,,,,,,,,,,,,,,,,,,,,,,,,,,,,,,,,,,,,,,,,,,,,,,,,,,,,,,,,,,,,,,,,SPI-1 SA1,100,SPI-1 SA1 = 100.0%,Special Public Interest,11919.49609,471.404328
5150,23,5150,14 0010  LL0018,959 UNITED AVE SE,STATE OF GEORGIA,State of Georgia,9402300,14 0010  LL001, , ,,,,,,,,Fulton,,,,0,959 UNITED AVE SE,ATLANTA,GA,30316,,,,270 WASHINGTON ST STE 02-129,,ATLANTA,GA,30334,,,,,,,,,4962300,4440000,1984920,1776000,4962300,,,,,,,,,,,,,,,,,,,,,,,,,,,,,,,,,,,,,,,,,,,,,,,,,,,,,,,,,,,,,,,,,,,,,,,,,,,,,,,,,,,,,,,,,,,,,,,,R-4,100,R-4 = 100.0%,Single Family Residential,294468.7031,2807.2356
5151,3,5151,14 008400031021,0 MITCHELL ST SW,STATE OF GEORGIA,State of Georgia,3662300,14 00840003102, , ,,,,,,,,Fulton,,,,0,0 MITCHELL ST SW,ATLANTA,GA,30313,,,,75 FIFTH ST NW STE 1200,,ATLANTA,GA,30308,,,,,,,,,3662300,0,1464920,0,3662300,,,,,,,,,,,,,,,,,,,,,,,,,,,,,,,,,,,,,,,,,,,,,,,,,,,,,,,,,,,,,,,,,,,,,,,,,,,,,,,,,,,,,,,,,,,,,,,,MRC-3-C,100,MRC-3-C = 100.0%,Multi-Family Residential,13648.89063,561.6298972
5152,6,5152,17 014900100806,0 STATE ST NW,BOARD OF REGENTS OF THE UNIVERSITY SYSTEM OF GEORGIA,University System of Georgia,215200,17 01490010080, , ,,,,,,,,Fulton,,,,0,0 STATE ST NW,ATLANTA,GA,30318,,,,270 WASHINGTON ST SW,,ATLANTA,GA,30334,,,,,,,,,215200,0,86080,0,215200,,,,,,,,,,,,,,,,,,,,,,,,,,,,,,,,,,,,,,,,,,,,,,,,,,,,,,,,,,,,,,,,,,,,,,,,,,,,,,,,,,,,,,,,,,,,,,,,R-5,100,R-5 = 100.0%,Single Family Residential,2889.28125,306.8448602
5153,3,5153,14 008400042150,0 M L KING JR DR,STATE OF GEORGIA,State of Georgia,135000,14 00840004215, , ,,,,,,,,Fulton,,,,0,0 M L KING JR DR,ATLANTA,GA,30313,,,,75 FIFTH ST NW STE 1200,,ATLANTA,GA,30308,,,,,,,,,135000,0,54000,0,135000,,,,,,,,,,,,,,,,,,,,,,,,,,,,,,,,,,,,,,,,,,,,,,,,,,,,,,,,,,,,,,,,,,,,,,,,,,,,,,,,,,,,,,,,,,,,,,,,MRC-3-C,100,MRC-3-C = 100.0%,Multi-Family Residential,761.8828125,110.053059
5154,1,5154,14 008400040675,0 ELLIOTT ST SW,STATE OF GEORGIA,State of Georgia,57500,14 00840004067, , ,,,,,,,,Fulton,,,,0,0 ELLIOTT ST SW,ATLANTA,GA,30313,,,,75 FIFTH ST NW STE 1200,,ATLANTA,GA,30308,,,,,,,,,57500,0,23000,0,57500,,,,,,,,,,,,,,,,,,,,,,,,,,,,,,,,,,,,,,,,,,,,,,,,,,,,,,,,,,,,,,,,,,,,,,,,,,,,,,,,,,,,,,,,,,,,,,,,MRC-3-C,100,MRC-3-C = 100.0%,Multi-Family Residential,322.671875,114.2883464
5155,3,5155,17 0107  LL0288,0 TENTH ST NW,REGENTS UNIV SYSTEM OF GA,University System of Georgia,5165500,17 0107  LL028, , ,,,,,,,,Fulton,,,,0,0 TENTH ST NW,ATLANTA,GA,30318,,,,270 WASHINGTON ST SW,,ATLANTA,GA,30334,,,,,,,,,5165500,0,2066200,0,5165500,,,,,,,,,,,,,,,,,,,,,,,,,,,,,,,,,,,,,,,,,,,,,,,,,,,,,,,,,,,,,,,,,,,,,,,,,,,,,,,,,,,,,,,,,,,,,,,,O-I,100,O-I = 100.0%,Office-Institutional,25365.90234,629.7742587
5156,6,5156,17 010700020475,0 TENTH ST NW,REGENTS UNIV SYSTEM OF GA,University System of Georgia,9056900,17 01070002047, , ,,,,,,,,Fulton,,,,0,0 TENTH ST NW,ATLANTA,GA,30318,,,,270 WASHINGTON ST SW,,ATLANTA,GA,30334,,,,,,,,,6586300,2470600,2634520,988240,6586300,,,,,,,,,,,,,,,,,,,,,,,,,,,,,,,,,,,,,,,,,,,,,,,,,,,,,,,,,,,,,,,,,,,,,,,,,,,,,,,,,,,,,,,,,,,,,,,,O-I,100,O-I = 100.0%,Office-Institutional,28803.96484,860.8183848
5157,1,5157,14 008400040667,0 M L KING JR DR,STATE OF GEORGIA,State of Georgia,262100,14 00840004066, , ,,,,,,,,Fulton,,,,0,0 M L KING JR DR,ATLANTA,GA,30313,,,,75 FIFTH ST NW STE 120,,ATLANTA,GA,30308,,,,,,,,,262100,0,104840,0,262100,,,,,,,,,,,,,,,,,,,,,,,,,,,,,,,,,,,,,,,,,,,,,,,,,,,,,,,,,,,,,,,,,,,,,,,,,,,,,,,,,,,,,,,,,,,,,,,,MRC-3-C,100,MRC-3-C = 100.0%,Multi-Family Residential,1519.710938,177.6015399
5158,11,5158,14 008300081191,0 M L KING JR DR,STATE OF GEORGIA,State of Georgia,1029900,14 00830008119, , ,,,,,,,,Fulton,,,,1,0 M L KING JR DR,ATLANTA,GA,30313,,,,285 ANDREW YOUNG INTERNATIONAL BLVD NW,,ATLANTA,GA,30313,,,,,,,,,1029900,0,411960,0,1029900,,,,,,,,,,,,,,,,,,,,,,,,,,,,,,,,,,,,,,,,,,,,,,,,,,,,,,,,,,,,,,,,,,,,,,,,,,,,,,,,,,,,,,,,,,,,,,,,SPI-1 SA1,100,SPI-1 SA1 = 100.0%,Special Public Interest,15107.70313,1163.389154
5159,1,5159,14 008400030932,0 MANGUM ST SW,STATE OF GEORGIA,State of Georgia,146100,14 00840003093, , ,,,,,,,,Fulton,,,,0,0 MANGUM ST SW,ATLANTA,GA,30313,,,,75 FIFTH ST NW STE 120,,ATLANTA,GA,30308,,,,,,,,,145400,700,58160,280,145400,,,,,,,,,,,,,,,,,,,,,,,,,,,,,,,,,,,,,,,,,,,,,,,,,,,,,,,,,,,,,,,,,,,,,,,,,,,,,,,,,,,,,,,,,,,,,,,,MRC-3-C,100,MRC-3-C = 100.0%,Multi-Family Residential,2707.78125,229.4815475
5160,3,5160,14 008000050082,176 FIFTH ST NW,REGENTS UNIV SYSTEM OF GA,University System of Georgia,657300,14 00800005008, , ,,,,,,,,Fulton,,,,0,176 FIFTH ST NW,ATLANTA,GA,30313,,,,270 WASHINGTON ST SW,,ATLANTA,GA,30334,,,,,,,,,157300,500000,62920,200000,157300,,,,,,,,,,,,,,,,,,,,,,,,,,,,,,,,,,,,,,,,,,,,,,,,,,,,,,,,,,,,,,,,,,,,,,,,,,,,,,,,,,,,,,,,,,,,,,,,O-I,100,O-I = 100.0%,Office-Institutional,1842.582031,174.7560132
5161,1,5161,14 0053  LL0081,0 HANK AARON DR SE,BOARD OF REGENTS OF THE UNIVERSITY SYSTEM OF GEORGIA,University System of Georgia,66100,14 0053  LL008, , ,,,,,,,,Fulton,,,,0,0 HANK AARON DR SE,ATLANTA,GA,30312,,,,270 WASHINGTON STA SW,,ATLANTA,GA,30334,,,,,,,,,66100,0,26440,0,66100,,,,,,,,,,,,,,,,,,,,,,,,,,,,,,,,,,,,,,,,,,,,,,,,,,,,,,,,,,,,,,,,,,,,,,,,,,,,,,,,,,,,,,,,,,,,,,,,MRC-3-C,100,MRC-3-C = 100.0%,Multi-Family Residential,628.3476563,111.2969593
5162,2,5162,14 0023  LL0021,0 UNITED AVE SE,STATE OF GEORGIA,State of Georgia,893900,14 0023  LL002, , ,,,,,,,,Fulton,,,,0,0 UNITED AVE SE,ATLANTA,GA,30316,,,,270 WASHINGTON ST STE 02-129,,ATLANTA,GA,30334,,,,,,,,,893900,0,357560,0,893900,,,,,,,,,,,,,,,,,,,,,,,,,,,,,,,,,,,,,,,,,,,,,,,,,,,,,,,,,,,,,,,,,,,,,,,,,,,,,,,,,,,,,,,,,,,,,,,,O-I,100,"O-I = 100.0%,R-4 = 0.0%",Office-Institutional,97700.95313,1326.091658
5163,2,5163,14 0075  LL0051,645 CAPITOL AVE SE,BOARD OF REGENTS OF THE UNIV SYS OF GA,University System of Georgia,310800,14 0075  LL005, , ,,,,,,,,Fulton,,,,0,645 CAPITOL AVE SE,ATLANTA,GA,30312,,,,270 WASHINGTON ST SW,,ATLANTA,GA,30334,,,,,,,,,242200,68600,96880,27440,242200,,,,,,,,,,,,,,,,,,,,,,,,,,,,,,,,,,,,,,,,,,,,,,,,,,,,,,,,,,,,,,,,,,,,,,,,,,,,,,,,,,,,,,,,,,,,,,,,MRC-3-C,100,MRC-3-C = 100.0%,Multi-Family Residential,9618.632813,456.9553305
5164,2,5164,14 0076  LL0167,610 POLLARD BLVD,BOARD OF REGENTS OF THE UNIV SYS OF GA,University System of Georgia,113800,14 0076  LL016, , ,,,,,,,,Fulton,,,,0,610 POLLARD BLVD,ATLANTA,GA,30312,,,,270 WASHINGTON ST SW,,ATLANTA,GA,30334,,,,,,,,,113800,0,45520,0,113800,,,,,,,,,,,,,,,,,,,,,,,,,,,,,,,,,,,,,,,,,,,,,,,,,,,,,,,,,,,,,,,,,,,,,,,,,,,,,,,,,,,,,,,,,,,,,,,,MRC-3-C,100,MRC-3-C = 100.0%,Multi-Family Residential,3109.535156,305.8734234
5165,2,5165,14 0076  LL0183,565 HANK AARON DR,BOARD OF REGENTS OF THE UNIV SYS OF GA,University System of Georgia,47607400,14 0076  LL018, , ,,,,,,,,Fulton,,,,306,565 HANK AARON DR,ATLANTA,GA,30312,,,,270 WASHINGTON ST SW,,,,,,,,,,,,,6120000,41487400,2448000,16594960,6120000,,,,,,,,,,,,,,,,,,,,,,,,,,,,,,,,,,,,,,,,,,,,,,,,,,,,,,,,,,,,,,,,,,,,,,,,,,,,,,,,,,,,,,,,,,,,,,,,MRC-3-C,100,MRC-3-C = 100.0%,Multi-Family Residential,21255.59766,701.3746665
5166,2,5166,14 0076  LL0159,475 CAPITOL AVE SE,BOARD OF REGENTS OF THE UNIV SYS OF GA,University System of Georgia,92600,14 0076  LL015, , ,,,,,,,,Fulton,,,,0,475 CAPITOL AVE SE,ATLANTA,GA,30312,,,,270 WASHINGTON ST SW,,ATLANTA,GA,30334,,,,,,,,,85900,6700,34360,2680,85900,,,,,,,,,,,,,,,,,,,,,,,,,,,,,,,,,,,,,,,,,,,,,,,,,,,,,,,,,,,,,,,,,,,,,,,,,,,,,,,,,,,,,,,,,,,,,,,,MRC-3-C,100,MRC-3-C = 100.0%,Multi-Family Residential,955.1679688,138.1794466
5167,3,5167,14 0076  LL0134,495 CAPITOL AVE SE,BOARD OF REGENTS OF THE UNIV SYS OF GA,University System of Georgia,653700,14 0076  LL013, , ,,,,,,,,Fulton,,,,0,495 CAPITOL AVE SE,ATLANTA,GA,30312,,,,270 WASHINGTON ST SW,,ATLANTA,GA,30334,,,,,,,,,412900,240800,165160,96320,412900,,,,,,,,,,,,,,,,,,,,,,,,,,,,,,,,,,,,,,,,,,,,,,,,,,,,,,,,,,,,,,,,,,,,,,,,,,,,,,,,,,,,,,,,,,,,,,,,MRC-3-C,100,MRC-3-C = 100.0%,Multi-Family Residential,18133.53516,552.2492703
5168,3,5168,14 0076  LL0142,0 POLLARD BLVD,BOARD OF REGENTS OF THE UNIV SYS OF GA,University System of Georgia,387400,14 0076  LL014, , ,,,,,,,,Fulton,,,,0,0 POLLARD BLVD,ATLANTA,GA,30312,,,,270 WASHINGTON ST SW,,ATLANTA,GA,30334,,,,,,,,,251900,135500,100760,54200,251900,,,,,,,,,,,,,,,,,,,,,,,,,,,,,,,,,,,,,,,,,,,,,,,,,,,,,,,,,,,,,,,,,,,,,,,,,,,,,,,,,,,,,,,,,,,,,,,,MRC-3-C,100,MRC-3-C = 100.0%,Multi-Family Residential,11576.48047,943.9608833
5169,1,5169,14 0076  LL0126,560 POLLARD BLVD,BOARD OF REGENTS OF THE UNIV SYS OF GA,University System of Georgia,653800,14 0076  LL012, , ,,,,,,,,Fulton,,,,0,560 POLLARD BLVD,ATLANTA,GA,30312,,,,270 WASHINGTON ST SW,,ATLANTA,GA,30334,,,,,,,,,413000,240800,165200,96320,413000,,,,,,,,,,,,,,,,,,,,,,,,,,,,,,,,,,,,,,,,,,,,,,,,,,,,,,,,,,,,,,,,,,,,,,,,,,,,,,,,,,,,,,,,,,,,,,,,MRC-3-C,100,MRC-3-C = 100.0%,Multi-Family Residential,18634.45703,546.299211
5170,4,5170,14 0075  LL0085,0 POLLARD BLVD,BOARD OF REGENTS OF THE UNIV SYS OF GA,University System of Georgia,294300,14 0075  LL008, , ,,,,,,,,Fulton,,,,0,0 POLLARD BLVD,ATLANTA,GA,30312,,,,270 WASHINGTON ST SW,,ATLANTA,GA,30334,,,,,,,,,279500,14800,111800,5920,279500,,,,,,,,,,,,,,,,,,,,,,,,,,,,,,,,,,,,,,,,,,,,,,,,,,,,,,,,,,,,,,,,,,,,,,,,,,,,,,,,,,,,,,,,,,,,,,,,MRC-3-C,100,MRC-3-C = 100.0%,Multi-Family Residential,10130.11328,851.1449257
5171,4,5171,14 0075  LL0077,610 POLLARD BLVD,BOARD OF REGENTS OF THE UNIV SYS OF GA,University System of Georgia,2243800,14 0075  LL007, , ,,,,,,,,Fulton,,,,0,610 POLLARD BLVD,ATLANTA,GA,30312,,,,270 WASHINGTON ST SW,,ATLANTA,GA,30334,,,,,,,,,1371900,871900,548760,348760,1371900,,,,,,,,,,,,,,,,,,,,,,,,,,,,,,,,,,,,,,,,,,,,,,,,,,,,,,,,,,,,,,,,,,,,,,,,,,,,,,,,,,,,,,,,,,,,,,,,MRC-3-C,100,MRC-3-C = 100.0%,Multi-Family Residential,65453.16797,1161.141237
5172,3,5172,14 0076  LL0175,525 HANK AARON DR,BOARD OF REGENTS OF THE UNIV SYS OF GA,University System of Georgia,380000,14 0076  LL017, , ,,,,,,,,Fulton,,,,0,525 HANK AARON DR,ATLANTA,GA,30312,,,,270 WASHINGTON ST SW,,,,,,,,,,,,,380000,0,152000,0,380000,,,,,,,,,,,,,,,,,,,,,,,,,,,,,,,,,,,,,,,,,,,,,,,,,,,,,,,,,,,,,,,,,,,,,,,,,,,,,,,,,,,,,,,,,,,,,,,,MRC-3-C,100,MRC-3-C = 100.0%,Multi-Family Residential,12727.24219,577.1933798
5173,1,5173,14 002100040754,0 BOULEVARD SE,DEPARTMENT OF TRANSPORTATION,Georgia DOT,213200,14 00210004075, , ,,,,,,,,Fulton,,,,0,0 BOULEVARD SE,ATLANTA,GA,30312,,,,600 W PEACHTREE ST NW,,ATLANTA,GA,30312,,,,,,,,,213200,0,85280,0,213200,,,,,,,,,,,,,,,,,,,,,,,,,,,,,,,,,,,,,,,,,,,,,,,,,,,,,,,,,,,,,,,,,,,,,,,,,,,,,,,,,,,,,,,,,,,,,,,,O-I,100,O-I = 100.0%,Office-Institutional,1867.875,291.5313071
5174,3,5174,14 0078  LL0033,0 SPRING ST NW,STATE OF GEORGIA,State of Georgia,5254700,14 0078  LL003, , ,,,,,,,,Fulton,,,,0,0 SPRING ST NW,ATLANTA,GA,30303,,,,270 WASHINGTON ST SW,,ATLANTA,GA,30308,,,,,,,,,5254700,0,2101880,0,5254700,,,,,,,,,,,,,,,,,,,,,,,,,,,,,,,,,,,,,,,,,,,,,,,,,,,,,,,,,,,,,,,,,,,,,,,,,,,,,,,,,,,,,,,,,,,,,,,,SPI-1 SA1,100,SPI-1 SA1 = 100.0%,Special Public Interest,4858.050781,433.5492618
5175,2,5175,14 001300051033,0 KENYON ST SE,STATE OF GA DEPARTMENT OF TRANSPORTATION,Georgia DOT,51100,14 00130005103, , ,,,,,,,,Fulton,,,,0,0 KENYON ST SE,ATLANTA,GA,30316,,,,2 CAPITOL SQUARE,,ATLANTA,GA,30334,,,,,,,,,51100,0,20440,0,51100,,,,,,,,,,,,,,,,,,,,,,,,,,,,,,,,,,,,,,,,,,,,,,,,,,,,,,,,,,,,,,,,,,,,,,,,,,,,,,,,,,,,,,,,,,,,,,,,R-4B,100,R-4B = 100.0%,Single Family Residential,2390.34375,224.2662327
5176,2,5176,14 007900010113,244 NORTH AVE NW,REGENTS UNIV SYSTEM OF GA,University System of Georgia,124500,14 00790001011, , ,,,,,,,,Fulton,,,,0,244 NORTH AVE NW,ATLANTA,GA,30313,,,,270 WASHINGTON ST SW,,ATLANTA,GA,30334,,,,,,,,,117400,7100,46960,2840,117400,,,,,,,,,,,,,,,,,,,,,,,,,,,,,,,,,,,,,,,,,,,,,,,,,,,,,,,,,,,,,,,,,,,,,,,,,,,,,,,,,,,,,,,,,,,,,,,,C-3,100,C-3 = 100.0%,Commercial,871.7617188,147.3887204
5177,2,5177,14 007900010162,0 MC AFEE ST NW,REGENTS UNIV SYSTEM OF GA,University System of Georgia,55000,14 00790001016, , ,,,,,,,,Fulton,,,,0,0 MC AFEE ST NW,ATLANTA,GA,30313,,,,270 WASHINGTON ST SW,,ATLANTA,GA,30334,,,,,,,,,51000,4000,20400,1600,51000,,,,,,,,,,,,,,,,,,,,,,,,,,,,,,,,,,,,,,,,,,,,,,,,,,,,,,,,,,,,,,,,,,,,,,,,,,,,,,,,,,,,,,,,,,,,,,,,C-3,100,C-3 = 100.0%,Commercial,412.6054688,84.44739977
5178,1,5178,14 007900030541,120 NORTH AVE NW,BOARD OF REGENTS OF THE UNIVERSITY SYSTEM,University System of Georgia,285400,14 00790003054, , ,,,,,,,,Fulton,,,,0,120 NORTH AVE NW,ATLANTA,GA,30313,,,,270 WASHINGTON ST SW,,ATLANTA,GA,30334,,,,,,,,,264800,20600,105920,8240,264800,,,,,,,,,,,,,,,,,,,,,,,,,,,,,,,,,,,,,,,,,,,,,,,,,,,,,,,,,,,,,,,,,,,,,,,,,,,,,,,,,,,,,,,,,,,,,,,,C-3,100,C-3 = 100.0%,Commercial,2074.097656,188.4718024
5179,2,5179,14 007900020039,0 NORTH AVE NW,REGENTS UNIV SYSTEM OF GA,University System of Georgia,481200,14 00790002003, , ,,,,,,,,Fulton,,,,0,0 NORTH AVE NW,ATLANTA,GA,30313,,,,270 WASHINGTON ST SW,,ATLANTA,GA,30334,,,,,,,,,466000,15200,186400,6080,466000,,,,,,,,,,,,,,,,,,,,,,,,,,,,,,,,,,,,,,,,,,,,,,,,,,,,,,,,,,,,,,,,,,,,,,,,,,,,,,,,,,,,,,,,,,,,,,,,C-3,100,C-3 = 100.0%,Commercial,2102.730469,185.8099642
5180,1,5180,14 007900030020,132 NORTH AVE NW,REGENTS UNIV SYSTEM OF GA,University System of Georgia,174800,14 00790003002, , ,,,,,,,,Fulton,,,,0,132 NORTH AVE NW,ATLANTA,GA,30313,,,,270 WASHINGTON ST SW,,ATLANTA,GA,30334,,,,,,,,,165100,9700,66040,3880,165100,,,,,,,,,,,,,,,,,,,,,,,,,,,,,,,,,,,,,,,,,,,,,,,,,,,,,,,,,,,,,,,,,,,,,,,,,,,,,,,,,,,,,,,,,,,,,,,,C-3,100,C-3 = 100.0%,Commercial,1118.027344,149.2501314
5181,4,5181,14 007900030434,0 TECHWOOD DR NW,REGENTS UNIV SYSTEM OF GA,University System of Georgia,23455100,14 00790003043, , ,,,,,,,,Fulton,,,,0,0 TECHWOOD DR NW,ATLANTA,GA,30313,,,,270 WASHINGTON ST SW,,ATLANTA,GA,30334,,,,,,,,,2455100,21000000,982040,8400000,2455100,,,,,,,,,,,,,,,,,,,,,,,,,,,,,,,,,,,,,,,,,,,,,,,,,,,,,,,,,,,,,,,,,,,,,,,,,,,,,,,,,,,,,,,,,,,,,,,,C-3,100,C-3 = 100.0%,Commercial,12977.01172,515.0400866
5182,3,5182,14 007900030038,126 NORTH AVE NW,BOARD OF REGENTS OF THE UNIVERSITY SYSTEM OF GA,University System of Georgia,299800,14 00790003003, , ,,,,,,,,Fulton,,,,0,126 NORTH AVE NW,ATLANTA,GA,30313,,,,270 WASHINGTON ST SW,,ATLANTA,GA,30334,,,,,,,,,198900,100900,79560,40360,198900,,,,,,,,,,,,,,,,,,,,,,,,,,,,,,,,,,,,,,,,,,,,,,,,,,,,,,,,,,,,,,,,,,,,,,,,,,,,,,,,,,,,,,,,,,,,,,,,C-3,100,C-3 = 100.0%,Commercial,1051.042969,146.4546537
5183,2,5183,14 007900010121,0 NORTH AVE NW,REGENTS UNIV SYSTEM OF GA,University System of Georgia,139900,14 00790001012, , ,,,,,,,,Fulton,,,,0,0 NORTH AVE NW,ATLANTA,GA,30313,,,,270 WASHINGTON ST SW,,ATLANTA,GA,30334,,,,,,,,,132000,7900,52800,3160,132000,,,,,,,,,,,,,,,,,,,,,,,,,,,,,,,,,,,,,,,,,,,,,,,,,,,,,,,,,,,,,,,,,,,,,,,,,,,,,,,,,,,,,,,,,,,,,,,,C-3,100,C-3 = 100.0%,Commercial,944.0273438,149.8463122
5184,3,5184,14 007900030731,0 TECHWOOD DR NW,REGENTS UNIVERSITY SYSTEM OF GA,University System of Georgia,23475600,14 00790003073, , ,,,,,,,,Fulton,,,,0,0 TECHWOOD DR NW,ATLANTA,GA,30308,,,,270 WASHINGTON ST SW,,ATLANTA,GA,30334,,,,,,,,,3475600,20000000,1390240,8000000,3475600,,,,,,,,,,,,,,,,,,,,,,,,,,,,,,,,,,,,,,,,,,,,,,,,,,,,,,,,,,,,,,,,,,,,,,,,,,,,,,,,,,,,,,,,,,,,,,,,RG-3,100,RG-3 = 100.0%,Single Family Residential,20048.86719,564.1457039
5185,2,5185,14 007900020021,0 NORTH AVE NW,REGENTS UNIV SYSTEM OF GA,University System of Georgia,600800,14 00790002002, , ,,,,,,,,Fulton,,,,0,0 NORTH AVE NW,ATLANTA,GA,30313,,,,270 WASHINGTON ST SW,,ATLANTA,GA,30334,,,,,,,,,225000,375800,90000,150320,225000,,,,,,,,,,,,,,,,,,,,,,,,,,,,,,,,,,,,,,,,,,,,,,,,,,,,,,,,,,,,,,,,,,,,,,,,,,,,,,,,,,,,,,,,,,,,,,,,C-3,100,C-3 = 100.0%,Commercial,1011.242188,147.0509498
5186,2,5186,14 007900010139,0 NORTH AVE NW,REGENTS UNIV SYSTEM OF GA,University System of Georgia,139900,14 00790001013, , ,,,,,,,,Fulton,,,,0,0 NORTH AVE NW,ATLANTA,GA,30313,,,,270 WASHINGTON ST SW,,ATLANTA,GA,30334,,,,,,,,,132000,7900,52800,3160,132000,,,,,,,,,,,,,,,,,,,,,,,,,,,,,,,,,,,,,,,,,,,,,,,,,,,,,,,,,,,,,,,,,,,,,,,,,,,,,,,,,,,,,,,,,,,,,,,,C-3,100,C-3 = 100.0%,Commercial,946.7265625,149.9368563
5187,1,5187,14 007900030749,0 TECHWOOD DR NW,REGENTS UNIVERSITY SYSTEM OF GA,University System of Georgia,4539100,14 00790003074, , ,,,,,,,,Fulton,,,,0,0 TECHWOOD DR NW,ATLANTA,GA,30308,,,,270 WASHINGTON ST SW,,ATLANTA,GA,30334,,,,,,,,,1039100,3500000,415640,1400000,1039100,,,,,,,,,,,,,,,,,,,,,,,,,,,,,,,,,,,,,,,,,,,,,,,,,,,,,,,,,,,,,,,,,,,,,,,,,,,,,,,,,,,,,,,,,,,,,,,,RG-3,100,RG-3 = 100.0%,Single Family Residential,5407.757813,354.9369328
5188,2,5188,14 007900010105,248 NORTH AVE NW,REGENTS UNIV SYSTEM OF GA,University System of Georgia,162800,14 00790001010, , ,,,,,,,,Fulton,,,,0,248 NORTH AVE NW,ATLANTA,GA,30313,,,,270 WASHINGTON ST SW,,ATLANTA,GA,30334,,,,,,,,,153600,9200,61440,3680,153600,,,,,,,,,,,,,,,,,,,,,,,,,,,,,,,,,,,,,,,,,,,,,,,,,,,,,,,,,,,,,,,,,,,,,,,,,,,,,,,,,,,,,,,,,,,,,,,,C-3,100,C-3 = 100.0%,Commercial,1193.746094,158.9971347
5189,3,5189,14 007900010147,0 NORTH AVE NW,REGENTS UNIV SYSTEM OF GA,University System of Georgia,139900,14 00790001014, , ,,,,,,,,Fulton,,,,0,0 NORTH AVE NW,ATLANTA,GA,30313,,,,270 WASHINGTON ST SW,,ATLANTA,GA,30334,,,,,,,,,132000,7900,52800,3160,132000,,,,,,,,,,,,,,,,,,,,,,,,,,,,,,,,,,,,,,,,,,,,,,,,,,,,,,,,,,,,,,,,,,,,,,,,,,,,,,,,,,,,,,,,,,,,,,,,C-3,100,C-3 = 100.0%,Commercial,882.8320313,147.7643595
5190,1,5190,14 007900010154,226 NORTH AVE NW,REGENTS UNIV SYSTEM OF GA,University System of Georgia,72000,14 00790001015, , ,,,,,,,,Fulton,,,,0,226 NORTH AVE NW,ATLANTA,GA,30313,,,,270 WASHINGTON ST SW,,ATLANTA,GA,30334,,,,,,,,,68000,4000,27200,1600,68000,,,,,,,,,,,,,,,,,,,,,,,,,,,,,,,,,,,,,,,,,,,,,,,,,,,,,,,,,,,,,,,,,,,,,,,,,,,,,,,,,,,,,,,,,,,,,,,,C-3,100,C-3 = 100.0%,Commercial,481.6328125,94.12773933
5191,1,5191,14 008000080022,0 THIRD ST NW,REGENTS UNIV SYSTEM OF GA,University System of Georgia,1190800,14 00800008002, , ,,,,,,,,Fulton,,,,0,0 THIRD ST NW,ATLANTA,GA,30313,,,,270 WASHINGTON ST SW,,ATLANTA,GA,30334,,,,,,,,,1190800,0,476320,0,1190800,,,,,,,,,,,,,,,,,,,,,,,,,,,,,,,,,,,,,,,,,,,,,,,,,,,,,,,,,,,,,,,,,,,,,,,,,,,,,,,,,,,,,,,,,,,,,,,,O-I,100,O-I = 100.0%,Office-Institutional,16691.63281,501.5645065
5192,4,5192,14 008000080063,0 NORTH AVE NW,REGENTS UNIV SYSTEM OF GA,University System of Georgia,18204900,14 00800008006, , ,,,,,,,,Fulton,,,,0,0 NORTH AVE NW,ATLANTA,GA,30313,,,,270 WASHINGTON ST SW,,ATLANTA,GA,30334,,,,,,,,,3649900,14555000,1459960,5822000,3649900,,,,,,,,,,,,,,,,,,,,,,,,,,,,,,,,,,,,,,,,,,,,,,,,,,,,,,,,,,,,,,,,,,,,,,,,,,,,,,,,,,,,,,,,,,,,,,,,O-I,100,O-I = 100.0%,Office-Institutional,50558.73438,918.3958657
5193,2,5193,14 008000080014,0 HEMPHILL AVE NW,REGENTS UNIV SYSTEM OF GA,University System of Georgia,201600,14 00800008001, , ,,,,,,,,Fulton,,,,0,0 HEMPHILL AVE NW,ATLANTA,GA,30313,,,,270 WASHINGTON ST SW,,ATLANTA,GA,30334,,,,,,,,,201600,0,80640,0,201600,,,,,,,,,,,,,,,,,,,,,,,,,,,,,,,,,,,,,,,,,,,,,,,,,,,,,,,,,,,,,,,,,,,,,,,,,,,,,,,,,,,,,,,,,,,,,,,,O-I,100,O-I = 100.0%,Office-Institutional,1498.421875,169.0456677
5194,1,5194,14 008000080071,0 NORTH AVE NW,REGENTS UNIV SYSTEM OF GA,University System of Georgia,3566100,14 00800008007, , ,,,,,,,,Fulton,,,,0,0 NORTH AVE NW,ATLANTA,GA,30313,,,,270 WASHINGTON ST SW,,ATLANTA,GA,30334,,,,,,,,,1036700,2529400,414680,1011760,1036700,,,,,,,,,,,,,,,,,,,,,,,,,,,,,,,,,,,,,,,,,,,,,,,,,,,,,,,,,,,,,,,,,,,,,,,,,,,,,,,,,,,,,,,,,,,,,,,,O-I,100,O-I = 100.0%,Office-Institutional,11120.82422,447.2853343
5195,2,5195,14 008100041098,845 MARIETTA ST NW,BOARD OF REGENTS OF THE UNIV SYSTEM OF GA,University System of Georgia,1211900,14 00810004109, , ,,,,,,,,Fulton,,,,0,845 MARIETTA ST NW,ATLANTA,GA,30318,,,,270 WASHINGTON ST SW,,ATLANTA,GA,30334,,,,,,,,,246000,965900,98400,386360,246000,,,,,,,,,,,,,,,,,,,,,,,,,,,,,,,,,,,,,,,,,,,,,,,,,,,,,,,,,,,,,,,,,,,,,,,,,,,,,,,,,,,,,,,,,,,,,,,,I-1-C,100,I-1-C = 100.0%,Industrial,5663.257813,312.6949141
5196,2,5196,14 008100040942,0 FIFTH ST NW # REAR,REGENTS UNIV SYSTEM OF GA,University System of Georgia,500,14 00810004094,#,REAR,,,,,,,,Fulton,,,,0,0 FIFTH ST NW # REAR,ATLANTA,GA,30318,,,,244 WASHINGTON ST # .,,ATLANTA,GA,30334,,,,,,,,,500,0,200,0,500,,,,,,,,,,,,,,,,,,,,,,,,,,,,,,,,,,,,,,,,,,,,,,,,,,,,,,,,,,,,,,,,,,,,,,,,,,,,,,,,,,,,,,,,,,,,,,,,O-I,100,O-I = 100.0%,Office-Institutional,137.0234375,48.76998907
5197,2,5197,14 0081  LL0244,717 MARIETTA ST NW,BOARD OF REGENTS OF THE UNIVERSITY SYSTEM OF GA,University System of Georgia,2903400,14 0081  LL024, , ,,,,,,,,Fulton,,,,0,717 MARIETTA ST NW,ATLANTA,GA,30318,,,,270 WASHINGTON ST SW,,ATLANTA,GA,30334,,,,,,,,,655400,2248000,262160,899200,655400,,,,,,,,,,,,,,,,,,,,,,,,,,,,,,,,,,,,,,,,,,,,,,,,,,,,,,,,,,,,,,,,,,,,,,,,,,,,,,,,,,,,,,,,,,,,,,,,C-1,100,C-1 = 100.0%,Commercial,19417.73047,583.0383555
5198,4,5198,14 008200020026,505 TECH WAY NW,BOARD OF REGENTS OF THE UNIVERSITY SYSTEM OF GA,University System of Georgia,2995500,14 00820002002, , ,,,,,,,,Fulton,,,,0,505 TECH WAY NW,ATLANTA,GA,30318,,,,270 WASHINGTON ST,,ATLANTA,GA,30334,,,,,,,,,488000,2507500,195200,1003000,488000,,,,,,,,,,,,,,,,,,,,,,,,,,,,,,,,,,,,,,,,,,,,,,,,,,,,,,,,,,,,,,,,,,,,,,,,,,,,,,,,,,,,,,,,,,,,,,,,I-2,100,I-2 = 100.0%,Industrial,22757.21094,1243.700722
5199,3,5199,14 008200010761,605 NORTHSIDE DR NW,BOARD OF REGENTS THE UNIVERSITY SYSTEM OF GA,University System of Georgia,438900,14 00820001076, , ,,,,,,,,Fulton,,,,0,605 NORTHSIDE DR NW,ATLANTA,GA,30318,,,,270 WASHINGTON ST SW,,ATLANTA,GA,30334,,,,,,,,,368300,70600,147320,28240,368300,,,,,,,,,,,,,,,,,,,,,,,,,,,,,,,,,,,,,,,,,,,,,,,,,,,,,,,,,,,,,,,,,,,,,,,,,,,,,,,,,,,,,,,,,,,,,,,,I-2,100,I-2 = 100.0%,Industrial,2634.441406,239.4998418
5200,3,5200,14 008200010845,0 NORTHSIDE DR NW,BOARD OF REGENTS THE UNIVERSITY SYSTEM OF GA,University System of Georgia,69300,14 00820001084, , ,,,,,,,,Fulton,,,,0,0 NORTHSIDE DR NW,ATLANTA,GA,30318,,,,270 WASHINGTON ST SW,,ATLANTA,GA,30334,,,,,,,,,69300,0,27720,0,69300,,,,,,,,,,,,,,,,,,,,,,,,,,,,,,,,,,,,,,,,,,,,,,,,,,,,,,,,,,,,,,,,,,,,,,,,,,,,,,,,,,,,,,,,,,,,,,,,I-2,100,I-2 = 100.0%,Industrial,2760.597656,243.523743
5201,2,5201,14 014300090158,418 CHAPPELL RD NW,GRISSOM MARY,Other,116900,14 01430009015, , ,,,,,,,,Fulton,,,,1,418 CHAPPELL RD NW,ATLANTA,GA,30318,,,,418 CHAPPELL RD NW,,ATLANTA,GA,30318,,,,,,,,,47900,69000,19160,27600,47900,,,,,,,,,,,,,,,,,,,,,,,,,,,,,,,,,,,,,,,,,,,,,,,,,,,,,,,,,,,,,,,,,,,,,,,,,,,,,,,,,,,,,,,,,,,,,,,,R-4A,100,R-4A = 100.0%,Single Family Residential,1718.652344,173.8605326
5202,7,5202,14 025100010337,0 BARGE RD SW,YOUNG WOMENS CHRISTIAN ASSN OF GREATER ATL INC,City of Atlanta,127000,14 02510001033, , ,,,,,,,,Fulton,,,,0,0 BARGE RD SW,ATLANTA,GA,30331,,,,957 N HIHGLAND AVE NE,,ATLANTA,GA,30306,,,,,,,,,127000,0,50800,0,127000,,,,,,,,,,,,,,,,,,,,,,,,,,,,,,,,,,,,,,,,,,,,,,,,,,,,,,,,,,,,,,,,,,,,,,,,,,,,,,,,,,,,,,,,,,,,,,,,R-4,100,R-4 = 100.0%,Single Family Residential,60723.01563,1263.97196
5203,3,5203,14 0089  LL0287,1700 METROPOLITAN PKWY SW,REGENTS UNIV SYSTEM OF GA,University System of Georgia,22522900,14 0089  LL028, , ,,,,,,,,Fulton,,,,0,1700 METROPOLITAN PKWY SW,ATLANTA,GA,30315,,,,244 WASHINGTON ST SW,,ATLANTA,GA,30334,,,,,,,,,12812700,9710200,5125080,3884080,12812700,,,,,,,,,,,,,,,,,,,,,,,,,,,,,,,,,,,,,,,,,,,,,,,,,,,,,,,,,,,,,,,,,,,,,,,,,,,,,,,,,,,,,,,,,,,,,,,,O-I,100,O-I = 100.0%,Office-Institutional,305768.1406,3889.194055
5204,2,5204,14 0089  LL0170,1756 METROPOLITAN PKWY SW,BOARD OF REGENTS OF THE UNIVERSITY SYSTEM OF GA,University System of Georgia,360700,14 0089  LL017, , ,,,,,,,,Fulton,,,,0,1756 METROPOLITAN PKWY SW,ATLANTA,GA,30315,,,,270 WASHINGTON ST SW,,ATLANTA,GA,30334,,,,,,,,,360700,0,144280,0,360700,,,,,,,,,,,,,,,,,,,,,,,,,,,,,,,,,,,,,,,,,,,,,,,,,,,,,,,,,,,,,,,,,,,,,,,,,,,,,,,,,,,,,,,,,,,,,,,,MRC-1-C,100,MRC-1-C = 100.0%,Multi-Family Residential,24932.37891,773.3033392
5205,3,5205,14 008900020383,1654 METROPOLITAN PKWY SW,BOARD OF REGENTS UNIVERSITY SYSTEM OF GA,University System of Georgia,286700,14 00890002038, , ,,,,,,,,Fulton,,,,0,1654 METROPOLITAN PKWY SW,ATLANTA,GA,30310,,,,1650 STEWART AVE SW,,ATLANTA,GA,30310,,,,,,,,,286700,0,114680,0,286700,,,,,,,,,,,,,,,,,,,,,,,,,,,,,,,,,,,,,,,,,,,,,,,,,,,,,,,,,,,,,,,,,,,,,,,,,,,,,,,,,,,,,,,,,,,,,,,,O-I,100,O-I = 100.0%,Office-Institutional,5314.113281,342.1256354
5206,2,5206,14 008900020391,1640 METROPOLITAN PKWY SW,BOARD OF REGENTS UNIVERSITY SYSTEM OF GA,University System of Georgia,395700,14 00890002039, , ,,,,,,,,Fulton,,,,0,1640 METROPOLITAN PKWY SW,ATLANTA,GA,30310,,,,1640 METROPOLITAN PKWY SW,,ATLANTA,GA,30310,,,,,,,,,395700,0,158280,0,395700,,,,,,,,,,,,,,,,,,,,,,,,,,,,,,,,,,,,,,,,,,,,,,,,,,,,,,,,,,,,,,,,,,,,,,,,,,,,,,,,,,,,,,,,,,,,,,,,O-I,100,O-I = 100.0%,Office-Institutional,5732.597656,357.2623603
5207,2,5207,14 008900020375,1724 METROPOLITAN PKWY SW,BOARD OF REGENTS OF THE UNIVERSITY SYSTEM OF GA,University System of Georgia,1763900,14 00890002037, , ,,,,,,,,Fulton,,,,0,1724 METROPOLITAN PKWY SW,ATLANTA,GA,30315,,,,270 WASHINGTON ST SW,,ATLANTA,GA,30334,,,,,,,,,450000,1313900,180000,525560,450000,,,,,,,,,,,,,,,,,,,,,,,,,,,,,,,,,,,,,,,,,,,,,,,,,,,,,,,,,,,,,,,,,,,,,,,,,,,,,,,,,,,,,,,,,,,,,,,,MRC-1-C,100,MRC-1-C = 100.0%,Multi-Family Residential,26756.1875,657.981151
5208,1,5208,14 007900020047,0 NORTH AVE NW # REAR,REGENTS UNIV SYSTEM OF GA,University System of Georgia,101900,14 00790002004,#,REAR,,,,,,,,Fulton,,,,0,0 NORTH AVE NW # REAR,ATLANTA,GA,30313,,,,270 WASHINGTON ST SW,,ATLANTA,GA,30334,,,,,,,,,92700,9200,37080,3680,92700,,,,,,,,,,,,,,,,,,,,,,,,,,,,,,,,,,,,,,,,,,,,,,,,,,,,,,,,,,,,,,,,,,,,,,,,,,,,,,,,,,,,,,,,,,,,,,,,C-3,100,"C-3 = 100.0%,RG-5 = 0.0%",Commercial,979.8515625,140.563018
5209,20,5209,14 014400040681,1273 DONALD LEE HOLLOWELL PKWY NW,MARTA,MARTA,1015200,14 01440004068, , ,,,,,,,,Fulton,,,,0,1273 DONALD LEE HOLLOWELL PKWY NW,ATLANTA,GA,30318,,,,2424 PIEDMONT RD NE,,ATLANTA,GA,30324,,,,,,,,,1015200,0,406080,0,1015200,,,,,,,,,,,,,,,,,,,,,,,,,,,,,,,,,,,,,,,,,,,,,,,,,,,,,,,,,,,,,,,,,,,,,,,,,,,,,,,,,,,,,,,,,,,,,,,,MRC-1,100,MRC-1 = 100.0%,Multi-Family Residential,22235.80859,885.5588949
5210,2,5210,14 007900020013,0 NORTH AVE NW,REGENTS UNIV SYSTEM OF GA,University System of Georgia,3910800,14 00790002001, , ,,,,,,,,Fulton,,,,0,0 NORTH AVE NW,ATLANTA,GA,30313,,,,270 WASHINGTON ST SW,,ATLANTA,GA,30334,,,,,,,,,1795200,2115600,718080,846240,1795200,,,,,,,,,,,,,,,,,,,,,,,,,,,,,,,,,,,,,,,,,,,,,,,,,,,,,,,,,,,,,,,,,,,,,,,,,,,,,,,,,,,,,,,,,,,,,,,,C-3,100,C-3 = 100.0%,Commercial,7113.511719,345.1425142
